"recordType","settDate","publishingPeriodCommencingTime","fuelTypeGeneration","activeFlag"
"VD","2022-03-01","00:00:00","27819","Y"
"VD","2022-03-01","00:05:00","27792","Y"
"VD","2022-03-01","00:10:00","27763","Y"
"VD","2022-03-01","00:15:00","27709","Y"
"VD","2022-03-01","00:20:00","27698","Y"
"VD","2022-03-01","00:25:00","27690","Y"
"VD","2022-03-01","00:30:00","27704","Y"
"VD","2022-03-01","00:35:00","28170","Y"
"VD","2022-03-01","00:40:00","28341","Y"
"VD","2022-03-01","00:45:00","28513","Y"
"VD","2022-03-01","00:50:00","28518","Y"
"VD","2022-03-01","00:55:00","28439","Y"
"VD","2022-03-01","01:00:00","28186","Y"
"VD","2022-03-01","01:05:00","28118","Y"
"VD","2022-03-01","01:10:00","28082","Y"
"VD","2022-03-01","01:15:00","27963","Y"
"VD","2022-03-01","01:20:00","27809","Y"
"VD","2022-03-01","01:25:00","27603","Y"
"VD","2022-03-01","01:30:00","27490","Y"
"VD","2022-03-01","01:35:00","27433","Y"
"VD","2022-03-01","01:40:00","27381","Y"
"VD","2022-03-01","01:45:00","27320","Y"
"VD","2022-03-01","01:50:00","27330","Y"
"VD","2022-03-01","01:55:00","27312","Y"
"VD","2022-03-01","02:00:00","27168","Y"
"VD","2022-03-01","02:05:00","27341","Y"
"VD","2022-03-01","02:10:00","27305","Y"
"VD","2022-03-01","02:15:00","27335","Y"
"VD","2022-03-01","02:20:00","27300","Y"
"VD","2022-03-01","02:25:00","27169","Y"
"VD","2022-03-01","02:30:00","27141","Y"
"VD","2022-03-01","02:35:00","27074","Y"
"VD","2022-03-01","02:40:00","26964","Y"
"VD","2022-03-01","02:45:00","26881","Y"
"VD","2022-03-01","02:50:00","26821","Y"
"VD","2022-03-01","02:55:00","26789","Y"
"VD","2022-03-01","03:00:00","26760","Y"
"VD","2022-03-01","03:05:00","26656","Y"
"VD","2022-03-01","03:10:00","26553","Y"
"VD","2022-03-01","03:15:00","26540","Y"
"VD","2022-03-01","03:20:00","26463","Y"
"VD","2022-03-01","03:25:00","26415","Y"
"VD","2022-03-01","03:30:00","26407","Y"
"VD","2022-03-01","03:35:00","26384","Y"
"VD","2022-03-01","03:40:00","26374","Y"
"VD","2022-03-01","03:45:00","26342","Y"
"VD","2022-03-01","03:50:00","26302","Y"
"VD","2022-03-01","03:55:00","26246","Y"
"VD","2022-03-01","04:00:00","26219","Y"
"VD","2022-03-01","04:05:00","26102","Y"
"VD","2022-03-01","04:10:00","26389","Y"
"VD","2022-03-01","04:15:00","26362","Y"
"VD","2022-03-01","04:20:00","26336","Y"
"VD","2022-03-01","04:25:00","26334","Y"
"VD","2022-03-01","04:30:00","26323","Y"
"VD","2022-03-01","04:35:00","26385","Y"
"VD","2022-03-01","04:40:00","26396","Y"
"VD","2022-03-01","04:45:00","26353","Y"
"VD","2022-03-01","04:50:00","26283","Y"
"VD","2022-03-01","04:55:00","26235","Y"
"VD","2022-03-01","05:00:00","26347","Y"
"VD","2022-03-01","05:05:00","26920","Y"
"VD","2022-03-01","05:10:00","27462","Y"
"VD","2022-03-01","05:15:00","27493","Y"
"VD","2022-03-01","05:20:00","27567","Y"
"VD","2022-03-01","05:25:00","27536","Y"
"VD","2022-03-01","05:30:00","27588","Y"
"VD","2022-03-01","05:35:00","27741","Y"
"VD","2022-03-01","05:40:00","27979","Y"
"VD","2022-03-01","05:45:00","28141","Y"
"VD","2022-03-01","05:50:00","28218","Y"
"VD","2022-03-01","05:55:00","28634","Y"
"VD","2022-03-01","06:00:00","28867","Y"
"VD","2022-03-01","06:05:00","29444","Y"
"VD","2022-03-01","06:10:00","29848","Y"
"VD","2022-03-01","06:15:00","30299","Y"
"VD","2022-03-01","06:20:00","30741","Y"
"VD","2022-03-01","06:25:00","31216","Y"
"VD","2022-03-01","06:30:00","31730","Y"
"VD","2022-03-01","06:35:00","32304","Y"
"VD","2022-03-01","06:40:00","32664","Y"
"VD","2022-03-01","06:45:00","32972","Y"
"VD","2022-03-01","06:50:00","33366","Y"
"VD","2022-03-01","06:55:00","33704","Y"
"VD","2022-03-01","07:00:00","34119","Y"
"VD","2022-03-01","07:05:00","34523","Y"
"VD","2022-03-01","07:10:00","34912","Y"
"VD","2022-03-01","07:15:00","35344","Y"
"VD","2022-03-01","07:20:00","35705","Y"
"VD","2022-03-01","07:25:00","36035","Y"
"VD","2022-03-01","07:30:00","36176","Y"
"VD","2022-03-01","07:35:00","36065","Y"
"VD","2022-03-01","07:40:00","36336","Y"
"VD","2022-03-01","07:45:00","36481","Y"
"VD","2022-03-01","07:50:00","36536","Y"
"VD","2022-03-01","07:55:00","36691","Y"
"VD","2022-03-01","08:00:00","36575","Y"
"VD","2022-03-01","08:05:00","37132","Y"
"VD","2022-03-01","08:10:00","37286","Y"
"VD","2022-03-01","08:15:00","37485","Y"
"VD","2022-03-01","08:20:00","37490","Y"
"VD","2022-03-01","08:25:00","37353","Y"
"VD","2022-03-01","08:30:00","37400","Y"
"VD","2022-03-01","08:35:00","37391","Y"
"VD","2022-03-01","08:40:00","37362","Y"
"VD","2022-03-01","08:45:00","37246","Y"
"VD","2022-03-01","08:50:00","37340","Y"
"VD","2022-03-01","08:55:00","37522","Y"
"VD","2022-03-01","09:00:00","37917","Y"
"VD","2022-03-01","09:05:00","37890","Y"
"VD","2022-03-01","09:10:00","37807","Y"
"VD","2022-03-01","09:15:00","37814","Y"
"VD","2022-03-01","09:20:00","37843","Y"
"VD","2022-03-01","09:25:00","37839","Y"
"VD","2022-03-01","09:30:00","37852","Y"
"VD","2022-03-01","09:35:00","37913","Y"
"VD","2022-03-01","09:40:00","37907","Y"
"VD","2022-03-01","09:45:00","37927","Y"
"VD","2022-03-01","09:50:00","37998","Y"
"VD","2022-03-01","09:55:00","37961","Y"
"VD","2022-03-01","10:00:00","37778","Y"
"VD","2022-03-01","10:05:00","37837","Y"
"VD","2022-03-01","10:10:00","37830","Y"
"VD","2022-03-01","10:15:00","37795","Y"
"VD","2022-03-01","10:20:00","37884","Y"
"VD","2022-03-01","10:25:00","37959","Y"
"VD","2022-03-01","10:30:00","37942","Y"
"VD","2022-03-01","10:35:00","37977","Y"
"VD","2022-03-01","10:40:00","38004","Y"
"VD","2022-03-01","10:45:00","38082","Y"
"VD","2022-03-01","10:50:00","38187","Y"
"VD","2022-03-01","10:55:00","38223","Y"
"VD","2022-03-01","11:00:00","38211","Y"
"VD","2022-03-01","11:05:00","38148","Y"
"VD","2022-03-01","11:10:00","38155","Y"
"VD","2022-03-01","11:15:00","38107","Y"
"VD","2022-03-01","11:20:00","37903","Y"
"VD","2022-03-01","11:25:00","37901","Y"
"VD","2022-03-01","11:30:00","37845","Y"
"VD","2022-03-01","11:35:00","37782","Y"
"VD","2022-03-01","11:40:00","37691","Y"
"VD","2022-03-01","11:45:00","37666","Y"
"VD","2022-03-01","11:50:00","37660","Y"
"VD","2022-03-01","11:55:00","37709","Y"
"VD","2022-03-01","12:00:00","37767","Y"
"VD","2022-03-01","12:05:00","37816","Y"
"VD","2022-03-01","12:10:00","37869","Y"
"VD","2022-03-01","12:15:00","37875","Y"
"VD","2022-03-01","12:20:00","37865","Y"
"VD","2022-03-01","12:25:00","37791","Y"
"VD","2022-03-01","12:30:00","37743","Y"
"VD","2022-03-01","12:35:00","37754","Y"
"VD","2022-03-01","12:40:00","37741","Y"
"VD","2022-03-01","12:45:00","37730","Y"
"VD","2022-03-01","12:50:00","37740","Y"
"VD","2022-03-01","12:55:00","37718","Y"
"VD","2022-03-01","13:00:00","37586","Y"
"VD","2022-03-01","13:05:00","37509","Y"
"VD","2022-03-01","13:10:00","37416","Y"
"VD","2022-03-01","13:15:00","37369","Y"
"VD","2022-03-01","13:20:00","37298","Y"
"VD","2022-03-01","13:25:00","37252","Y"
"VD","2022-03-01","13:30:00","37059","Y"
"VD","2022-03-01","13:35:00","36979","Y"
"VD","2022-03-01","13:40:00","36818","Y"
"VD","2022-03-01","13:45:00","36738","Y"
"VD","2022-03-01","13:50:00","36741","Y"
"VD","2022-03-01","13:55:00","36580","Y"
"VD","2022-03-01","14:00:00","36470","Y"
"VD","2022-03-01","14:05:00","36406","Y"
"VD","2022-03-01","14:10:00","36404","Y"
"VD","2022-03-01","14:15:00","36431","Y"
"VD","2022-03-01","14:20:00","36471","Y"
"VD","2022-03-01","14:25:00","36443","Y"
"VD","2022-03-01","14:30:00","36395","Y"
"VD","2022-03-01","14:35:00","36429","Y"
"VD","2022-03-01","14:40:00","36575","Y"
"VD","2022-03-01","14:45:00","36617","Y"
"VD","2022-03-01","14:50:00","36593","Y"
"VD","2022-03-01","14:55:00","36616","Y"
"VD","2022-03-01","15:00:00","36767","Y"
"VD","2022-03-01","15:05:00","36752","Y"
"VD","2022-03-01","15:10:00","36795","Y"
"VD","2022-03-01","15:15:00","36853","Y"
"VD","2022-03-01","15:20:00","36985","Y"
"VD","2022-03-01","15:25:00","37160","Y"
"VD","2022-03-01","15:30:00","37206","Y"
"VD","2022-03-01","15:35:00","37294","Y"
"VD","2022-03-01","15:40:00","37445","Y"
"VD","2022-03-01","15:45:00","37576","Y"
"VD","2022-03-01","15:50:00","37764","Y"
"VD","2022-03-01","15:55:00","37843","Y"
"VD","2022-03-01","16:00:00","38121","Y"
"VD","2022-03-01","16:05:00","38220","Y"
"VD","2022-03-01","16:10:00","38325","Y"
"VD","2022-03-01","16:15:00","38367","Y"
"VD","2022-03-01","16:20:00","38444","Y"
"VD","2022-03-01","16:25:00","38602","Y"
"VD","2022-03-01","16:30:00","38668","Y"
"VD","2022-03-01","16:35:00","38564","Y"
"VD","2022-03-01","16:40:00","38744","Y"
"VD","2022-03-01","16:45:00","38940","Y"
"VD","2022-03-01","16:50:00","39255","Y"
"VD","2022-03-01","16:55:00","39477","Y"
"VD","2022-03-01","17:00:00","39606","Y"
"VD","2022-03-01","17:05:00","39810","Y"
"VD","2022-03-01","17:10:00","39948","Y"
"VD","2022-03-01","17:15:00","40092","Y"
"VD","2022-03-01","17:20:00","40489","Y"
"VD","2022-03-01","17:25:00","40816","Y"
"VD","2022-03-01","17:30:00","40895","Y"
"VD","2022-03-01","17:35:00","41080","Y"
"VD","2022-03-01","17:40:00","41084","Y"
"VD","2022-03-01","17:45:00","41080","Y"
"VD","2022-03-01","17:50:00","41301","Y"
"VD","2022-03-01","17:55:00","41447","Y"
"VD","2022-03-01","18:00:00","41586","Y"
"VD","2022-03-01","18:05:00","41852","Y"
"VD","2022-03-01","18:10:00","41878","Y"
"VD","2022-03-01","18:15:00","41601","Y"
"VD","2022-03-01","18:20:00","41748","Y"
"VD","2022-03-01","18:25:00","41862","Y"
"VD","2022-03-01","18:30:00","41910","Y"
"VD","2022-03-01","18:35:00","41851","Y"
"VD","2022-03-01","18:40:00","41758","Y"
"VD","2022-03-01","18:45:00","41749","Y"
"VD","2022-03-01","18:50:00","41584","Y"
"VD","2022-03-01","18:55:00","41495","Y"
"VD","2022-03-01","19:00:00","41272","Y"
"VD","2022-03-01","19:05:00","41064","Y"
"VD","2022-03-01","19:10:00","41300","Y"
"VD","2022-03-01","19:15:00","41056","Y"
"VD","2022-03-01","19:20:00","40908","Y"
"VD","2022-03-01","19:25:00","40647","Y"
"VD","2022-03-01","19:30:00","40384","Y"
"VD","2022-03-01","19:35:00","40115","Y"
"VD","2022-03-01","19:40:00","39943","Y"
"VD","2022-03-01","19:45:00","39564","Y"
"VD","2022-03-01","19:50:00","39474","Y"
"VD","2022-03-01","19:55:00","39451","Y"
"VD","2022-03-01","20:00:00","39134","Y"
"VD","2022-03-01","20:05:00","38677","Y"
"VD","2022-03-01","20:10:00","38507","Y"
"VD","2022-03-01","20:15:00","38358","Y"
"VD","2022-03-01","20:20:00","38121","Y"
"VD","2022-03-01","20:25:00","37728","Y"
"VD","2022-03-01","20:30:00","37436","Y"
"VD","2022-03-01","20:35:00","37122","Y"
"VD","2022-03-01","20:40:00","36947","Y"
"VD","2022-03-01","20:45:00","36705","Y"
"VD","2022-03-01","20:50:00","36512","Y"
"VD","2022-03-01","20:55:00","36433","Y"
"VD","2022-03-01","21:00:00","36275","Y"
"VD","2022-03-01","21:05:00","35767","Y"
"VD","2022-03-01","21:10:00","35477","Y"
"VD","2022-03-01","21:15:00","35440","Y"
"VD","2022-03-01","21:20:00","35227","Y"
"VD","2022-03-01","21:25:00","34726","Y"
"VD","2022-03-01","21:30:00","34220","Y"
"VD","2022-03-01","21:35:00","34002","Y"
"VD","2022-03-01","21:40:00","33657","Y"
"VD","2022-03-01","21:45:00","33387","Y"
"VD","2022-03-01","21:50:00","33076","Y"
"VD","2022-03-01","21:55:00","32637","Y"
"VD","2022-03-01","22:00:00","32446","Y"
"VD","2022-03-01","22:05:00","32466","Y"
"VD","2022-03-01","22:10:00","32216","Y"
"VD","2022-03-01","22:15:00","31922","Y"
"VD","2022-03-01","22:20:00","31689","Y"
"VD","2022-03-01","22:25:00","31253","Y"
"VD","2022-03-01","22:30:00","31007","Y"
"VD","2022-03-01","22:35:00","30856","Y"
"VD","2022-03-01","22:40:00","30578","Y"
"VD","2022-03-01","22:45:00","30415","Y"
"VD","2022-03-01","22:50:00","30096","Y"
"VD","2022-03-01","22:55:00","29762","Y"
"VD","2022-03-01","23:00:00","29333","Y"
"VD","2022-03-01","23:05:00","28583","Y"
"VD","2022-03-01","23:10:00","28209","Y"
"VD","2022-03-01","23:15:00","27832","Y"
"VD","2022-03-01","23:20:00","27538","Y"
"VD","2022-03-01","23:25:00","27228","Y"
"VD","2022-03-01","23:30:00","26907","Y"
"VD","2022-03-01","23:35:00","26761","Y"
"VD","2022-03-01","23:40:00","26668","Y"
"VD","2022-03-01","23:45:00","26575","Y"
"VD","2022-03-01","23:50:00","26456","Y"
"VD","2022-03-01","23:55:00","26349","Y"
"VD","2022-03-02","00:00:00","26398","Y"
"VD","2022-03-02","00:05:00","26382","Y"
"VD","2022-03-02","00:10:00","26348","Y"
"VD","2022-03-02","00:15:00","26418","Y"
"VD","2022-03-02","00:20:00","26376","Y"
"VD","2022-03-02","00:25:00","26109","Y"
"VD","2022-03-02","00:30:00","25963","Y"
"VD","2022-03-02","00:35:00","26272","Y"
"VD","2022-03-02","00:40:00","26484","Y"
"VD","2022-03-02","00:45:00","26521","Y"
"VD","2022-03-02","00:50:00","26504","Y"
"VD","2022-03-02","00:55:00","26456","Y"
"VD","2022-03-02","01:00:00","26406","Y"
"VD","2022-03-02","01:05:00","26696","Y"
"VD","2022-03-02","01:10:00","26789","Y"
"VD","2022-03-02","01:15:00","26684","Y"
"VD","2022-03-02","01:20:00","26608","Y"
"VD","2022-03-02","01:25:00","26571","Y"
"VD","2022-03-02","01:30:00","26473","Y"
"VD","2022-03-02","01:35:00","26602","Y"
"VD","2022-03-02","01:40:00","26870","Y"
"VD","2022-03-02","01:45:00","26979","Y"
"VD","2022-03-02","01:50:00","26830","Y"
"VD","2022-03-02","01:55:00","26805","Y"
"VD","2022-03-02","02:00:00","26805","Y"
"VD","2022-03-02","02:05:00","26876","Y"
"VD","2022-03-02","02:10:00","26986","Y"
"VD","2022-03-02","02:15:00","26806","Y"
"VD","2022-03-02","02:20:00","26680","Y"
"VD","2022-03-02","02:25:00","26727","Y"
"VD","2022-03-02","02:30:00","26660","Y"
"VD","2022-03-02","02:35:00","26592","Y"
"VD","2022-03-02","02:40:00","26578","Y"
"VD","2022-03-02","02:45:00","26597","Y"
"VD","2022-03-02","02:50:00","26615","Y"
"VD","2022-03-02","02:55:00","26604","Y"
"VD","2022-03-02","03:00:00","26612","Y"
"VD","2022-03-02","03:05:00","26689","Y"
"VD","2022-03-02","03:10:00","26828","Y"
"VD","2022-03-02","03:15:00","26795","Y"
"VD","2022-03-02","03:20:00","26714","Y"
"VD","2022-03-02","03:25:00","26582","Y"
"VD","2022-03-02","03:30:00","26486","Y"
"VD","2022-03-02","03:35:00","26436","Y"
"VD","2022-03-02","03:40:00","26409","Y"
"VD","2022-03-02","03:45:00","26347","Y"
"VD","2022-03-02","03:50:00","26266","Y"
"VD","2022-03-02","03:55:00","26305","Y"
"VD","2022-03-02","04:00:00","26466","Y"
"VD","2022-03-02","04:05:00","26833","Y"
"VD","2022-03-02","04:10:00","27126","Y"
"VD","2022-03-02","04:15:00","27075","Y"
"VD","2022-03-02","04:20:00","27060","Y"
"VD","2022-03-02","04:25:00","27066","Y"
"VD","2022-03-02","04:30:00","27115","Y"
"VD","2022-03-02","04:35:00","27255","Y"
"VD","2022-03-02","04:40:00","27257","Y"
"VD","2022-03-02","04:45:00","27297","Y"
"VD","2022-03-02","04:50:00","27077","Y"
"VD","2022-03-02","04:55:00","26875","Y"
"VD","2022-03-02","05:00:00","26729","Y"
"VD","2022-03-02","05:05:00","26810","Y"
"VD","2022-03-02","05:10:00","27180","Y"
"VD","2022-03-02","05:15:00","27363","Y"
"VD","2022-03-02","05:20:00","27451","Y"
"VD","2022-03-02","05:25:00","27553","Y"
"VD","2022-03-02","05:30:00","27705","Y"
"VD","2022-03-02","05:35:00","27856","Y"
"VD","2022-03-02","05:40:00","28067","Y"
"VD","2022-03-02","05:45:00","28207","Y"
"VD","2022-03-02","05:50:00","28601","Y"
"VD","2022-03-02","05:55:00","28961","Y"
"VD","2022-03-02","06:00:00","29361","Y"
"VD","2022-03-02","06:05:00","30051","Y"
"VD","2022-03-02","06:10:00","30676","Y"
"VD","2022-03-02","06:15:00","31178","Y"
"VD","2022-03-02","06:20:00","31533","Y"
"VD","2022-03-02","06:25:00","31961","Y"
"VD","2022-03-02","06:30:00","32565","Y"
"VD","2022-03-02","06:35:00","32967","Y"
"VD","2022-03-02","06:40:00","33303","Y"
"VD","2022-03-02","06:45:00","33686","Y"
"VD","2022-03-02","06:50:00","34112","Y"
"VD","2022-03-02","06:55:00","34567","Y"
"VD","2022-03-02","07:00:00","34790","Y"
"VD","2022-03-02","07:05:00","35060","Y"
"VD","2022-03-02","07:10:00","35824","Y"
"VD","2022-03-02","07:15:00","36132","Y"
"VD","2022-03-02","07:20:00","36229","Y"
"VD","2022-03-02","07:25:00","36411","Y"
"VD","2022-03-02","07:30:00","36585","Y"
"VD","2022-03-02","07:35:00","36760","Y"
"VD","2022-03-02","07:40:00","36894","Y"
"VD","2022-03-02","07:45:00","37113","Y"
"VD","2022-03-02","07:50:00","37279","Y"
"VD","2022-03-02","07:55:00","37593","Y"
"VD","2022-03-02","08:00:00","37608","Y"
"VD","2022-03-02","08:05:00","37256","Y"
"VD","2022-03-02","08:10:00","37338","Y"
"VD","2022-03-02","08:15:00","37464","Y"
"VD","2022-03-02","08:20:00","37639","Y"
"VD","2022-03-02","08:25:00","37879","Y"
"VD","2022-03-02","08:30:00","37971","Y"
"VD","2022-03-02","08:35:00","38013","Y"
"VD","2022-03-02","08:40:00","38049","Y"
"VD","2022-03-02","08:45:00","38192","Y"
"VD","2022-03-02","08:50:00","38233","Y"
"VD","2022-03-02","08:55:00","38358","Y"
"VD","2022-03-02","09:00:00","38270","Y"
"VD","2022-03-02","09:05:00","38564","Y"
"VD","2022-03-02","09:10:00","38665","Y"
"VD","2022-03-02","09:15:00","38688","Y"
"VD","2022-03-02","09:20:00","38878","Y"
"VD","2022-03-02","09:25:00","38962","Y"
"VD","2022-03-02","09:30:00","39102","Y"
"VD","2022-03-02","09:35:00","39140","Y"
"VD","2022-03-02","09:40:00","39150","Y"
"VD","2022-03-02","09:45:00","39218","Y"
"VD","2022-03-02","09:50:00","39244","Y"
"VD","2022-03-02","09:55:00","39240","Y"
"VD","2022-03-02","10:00:00","39281","Y"
"VD","2022-03-02","10:05:00","39606","Y"
"VD","2022-03-02","10:10:00","39725","Y"
"VD","2022-03-02","10:15:00","39972","Y"
"VD","2022-03-02","10:20:00","40155","Y"
"VD","2022-03-02","10:25:00","40337","Y"
"VD","2022-03-02","10:30:00","40407","Y"
"VD","2022-03-02","10:35:00","40454","Y"
"VD","2022-03-02","10:40:00","40337","Y"
"VD","2022-03-02","10:45:00","40289","Y"
"VD","2022-03-02","10:50:00","40309","Y"
"VD","2022-03-02","10:55:00","40293","Y"
"VD","2022-03-02","11:00:00","40145","Y"
"VD","2022-03-02","11:05:00","40079","Y"
"VD","2022-03-02","11:10:00","40261","Y"
"VD","2022-03-02","11:15:00","40330","Y"
"VD","2022-03-02","11:20:00","40199","Y"
"VD","2022-03-02","11:25:00","40281","Y"
"VD","2022-03-02","11:30:00","40246","Y"
"VD","2022-03-02","11:35:00","40309","Y"
"VD","2022-03-02","11:40:00","40303","Y"
"VD","2022-03-02","11:45:00","40295","Y"
"VD","2022-03-02","11:50:00","40325","Y"
"VD","2022-03-02","11:55:00","40317","Y"
"VD","2022-03-02","12:00:00","40343","Y"
"VD","2022-03-02","12:05:00","40426","Y"
"VD","2022-03-02","12:10:00","40424","Y"
"VD","2022-03-02","12:15:00","40228","Y"
"VD","2022-03-02","12:20:00","40327","Y"
"VD","2022-03-02","12:25:00","40337","Y"
"VD","2022-03-02","12:30:00","40323","Y"
"VD","2022-03-02","12:35:00","40381","Y"
"VD","2022-03-02","12:40:00","40379","Y"
"VD","2022-03-02","12:45:00","40364","Y"
"VD","2022-03-02","12:50:00","40312","Y"
"VD","2022-03-02","12:55:00","40267","Y"
"VD","2022-03-02","13:00:00","40257","Y"
"VD","2022-03-02","13:05:00","40303","Y"
"VD","2022-03-02","13:10:00","40192","Y"
"VD","2022-03-02","13:15:00","40136","Y"
"VD","2022-03-02","13:20:00","40103","Y"
"VD","2022-03-02","13:25:00","39983","Y"
"VD","2022-03-02","13:30:00","39886","Y"
"VD","2022-03-02","13:35:00","39896","Y"
"VD","2022-03-02","13:40:00","39909","Y"
"VD","2022-03-02","13:45:00","39897","Y"
"VD","2022-03-02","13:50:00","39812","Y"
"VD","2022-03-02","13:55:00","39606","Y"
"VD","2022-03-02","14:00:00","39390","Y"
"VD","2022-03-02","14:05:00","39134","Y"
"VD","2022-03-02","14:10:00","39118","Y"
"VD","2022-03-02","14:15:00","39260","Y"
"VD","2022-03-02","14:20:00","39346","Y"
"VD","2022-03-02","14:25:00","39321","Y"
"VD","2022-03-02","14:30:00","39319","Y"
"VD","2022-03-02","14:35:00","39270","Y"
"VD","2022-03-02","14:40:00","39248","Y"
"VD","2022-03-02","14:45:00","39168","Y"
"VD","2022-03-02","14:50:00","38965","Y"
"VD","2022-03-02","14:55:00","38751","Y"
"VD","2022-03-02","15:00:00","38620","Y"
"VD","2022-03-02","15:05:00","38472","Y"
"VD","2022-03-02","15:10:00","38412","Y"
"VD","2022-03-02","15:15:00","38508","Y"
"VD","2022-03-02","15:20:00","38566","Y"
"VD","2022-03-02","15:25:00","38639","Y"
"VD","2022-03-02","15:30:00","38836","Y"
"VD","2022-03-02","15:35:00","39243","Y"
"VD","2022-03-02","15:40:00","39263","Y"
"VD","2022-03-02","15:45:00","39585","Y"
"VD","2022-03-02","15:50:00","39757","Y"
"VD","2022-03-02","15:55:00","39791","Y"
"VD","2022-03-02","16:00:00","39940","Y"
"VD","2022-03-02","16:05:00","40175","Y"
"VD","2022-03-02","16:10:00","40524","Y"
"VD","2022-03-02","16:15:00","40528","Y"
"VD","2022-03-02","16:20:00","40432","Y"
"VD","2022-03-02","16:25:00","40373","Y"
"VD","2022-03-02","16:30:00","40446","Y"
"VD","2022-03-02","16:35:00","40480","Y"
"VD","2022-03-02","16:40:00","40631","Y"
"VD","2022-03-02","16:45:00","40792","Y"
"VD","2022-03-02","16:50:00","40997","Y"
"VD","2022-03-02","16:55:00","41307","Y"
"VD","2022-03-02","17:00:00","41720","Y"
"VD","2022-03-02","17:05:00","42192","Y"
"VD","2022-03-02","17:10:00","42413","Y"
"VD","2022-03-02","17:15:00","42519","Y"
"VD","2022-03-02","17:20:00","42641","Y"
"VD","2022-03-02","17:25:00","42782","Y"
"VD","2022-03-02","17:30:00","42932","Y"
"VD","2022-03-02","17:35:00","42840","Y"
"VD","2022-03-02","17:40:00","42960","Y"
"VD","2022-03-02","17:45:00","43081","Y"
"VD","2022-03-02","17:50:00","43246","Y"
"VD","2022-03-02","17:55:00","43270","Y"
"VD","2022-03-02","18:00:00","43302","Y"
"VD","2022-03-02","18:05:00","43464","Y"
"VD","2022-03-02","18:10:00","43373","Y"
"VD","2022-03-02","18:15:00","43283","Y"
"VD","2022-03-02","18:20:00","43200","Y"
"VD","2022-03-02","18:25:00","43062","Y"
"VD","2022-03-02","18:30:00","42881","Y"
"VD","2022-03-02","18:35:00","42717","Y"
"VD","2022-03-02","18:40:00","42633","Y"
"VD","2022-03-02","18:45:00","42460","Y"
"VD","2022-03-02","18:50:00","42306","Y"
"VD","2022-03-02","18:55:00","42107","Y"
"VD","2022-03-02","19:00:00","41931","Y"
"VD","2022-03-02","19:05:00","41471","Y"
"VD","2022-03-02","19:10:00","41396","Y"
"VD","2022-03-02","19:15:00","41113","Y"
"VD","2022-03-02","19:20:00","40933","Y"
"VD","2022-03-02","19:25:00","40562","Y"
"VD","2022-03-02","19:30:00","40240","Y"
"VD","2022-03-02","19:35:00","40195","Y"
"VD","2022-03-02","19:40:00","40023","Y"
"VD","2022-03-02","19:45:00","39833","Y"
"VD","2022-03-02","19:50:00","39726","Y"
"VD","2022-03-02","19:55:00","39541","Y"
"VD","2022-03-02","20:00:00","39295","Y"
"VD","2022-03-02","20:05:00","39137","Y"
"VD","2022-03-02","20:10:00","38987","Y"
"VD","2022-03-02","20:15:00","38769","Y"
"VD","2022-03-02","20:20:00","38511","Y"
"VD","2022-03-02","20:25:00","38232","Y"
"VD","2022-03-02","20:30:00","37902","Y"
"VD","2022-03-02","20:35:00","37548","Y"
"VD","2022-03-02","20:40:00","37192","Y"
"VD","2022-03-02","20:45:00","36976","Y"
"VD","2022-03-02","20:50:00","36812","Y"
"VD","2022-03-02","20:55:00","36614","Y"
"VD","2022-03-02","21:00:00","36236","Y"
"VD","2022-03-02","21:05:00","36136","Y"
"VD","2022-03-02","21:10:00","35844","Y"
"VD","2022-03-02","21:15:00","35538","Y"
"VD","2022-03-02","21:20:00","35199","Y"
"VD","2022-03-02","21:25:00","34915","Y"
"VD","2022-03-02","21:30:00","34664","Y"
"VD","2022-03-02","21:35:00","34629","Y"
"VD","2022-03-02","21:40:00","34465","Y"
"VD","2022-03-02","21:45:00","33884","Y"
"VD","2022-03-02","21:50:00","33588","Y"
"VD","2022-03-02","21:55:00","33090","Y"
"VD","2022-03-02","22:00:00","32726","Y"
"VD","2022-03-02","22:05:00","32483","Y"
"VD","2022-03-02","22:10:00","32287","Y"
"VD","2022-03-02","22:15:00","32039","Y"
"VD","2022-03-02","22:20:00","31607","Y"
"VD","2022-03-02","22:25:00","31271","Y"
"VD","2022-03-02","22:30:00","31041","Y"
"VD","2022-03-02","22:35:00","30921","Y"
"VD","2022-03-02","22:40:00","30708","Y"
"VD","2022-03-02","22:45:00","30368","Y"
"VD","2022-03-02","22:50:00","30068","Y"
"VD","2022-03-02","22:55:00","29667","Y"
"VD","2022-03-02","23:00:00","29486","Y"
"VD","2022-03-02","23:05:00","29519","Y"
"VD","2022-03-02","23:10:00","29170","Y"
"VD","2022-03-02","23:15:00","28801","Y"
"VD","2022-03-02","23:20:00","28513","Y"
"VD","2022-03-02","23:25:00","28215","Y"
"VD","2022-03-02","23:30:00","28130","Y"
"VD","2022-03-02","23:35:00","28232","Y"
"VD","2022-03-02","23:40:00","28207","Y"
"VD","2022-03-02","23:45:00","28202","Y"
"VD","2022-03-02","23:50:00","28125","Y"
"VD","2022-03-02","23:55:00","27995","Y"
"VD","2022-03-03","00:00:00","27821","Y"
"VD","2022-03-03","00:05:00","27978","Y"
"VD","2022-03-03","00:10:00","28081","Y"
"VD","2022-03-03","00:15:00","28196","Y"
"VD","2022-03-03","00:20:00","28190","Y"
"VD","2022-03-03","00:25:00","28262","Y"
"VD","2022-03-03","00:30:00","28301","Y"
"VD","2022-03-03","00:35:00","28501","Y"
"VD","2022-03-03","00:40:00","28548","Y"
"VD","2022-03-03","00:45:00","28489","Y"
"VD","2022-03-03","00:50:00","28423","Y"
"VD","2022-03-03","00:55:00","28488","Y"
"VD","2022-03-03","01:00:00","28400","Y"
"VD","2022-03-03","01:05:00","28896","Y"
"VD","2022-03-03","01:10:00","28893","Y"
"VD","2022-03-03","01:15:00","28831","Y"
"VD","2022-03-03","01:20:00","28696","Y"
"VD","2022-03-03","01:25:00","28504","Y"
"VD","2022-03-03","01:30:00","28463","Y"
"VD","2022-03-03","01:35:00","28398","Y"
"VD","2022-03-03","01:40:00","28437","Y"
"VD","2022-03-03","01:45:00","28358","Y"
"VD","2022-03-03","01:50:00","28337","Y"
"VD","2022-03-03","01:55:00","28226","Y"
"VD","2022-03-03","02:00:00","27784","Y"
"VD","2022-03-03","02:05:00","27632","Y"
"VD","2022-03-03","02:10:00","27577","Y"
"VD","2022-03-03","02:15:00","27603","Y"
"VD","2022-03-03","02:20:00","27598","Y"
"VD","2022-03-03","02:25:00","27510","Y"
"VD","2022-03-03","02:30:00","27469","Y"
"VD","2022-03-03","02:35:00","27380","Y"
"VD","2022-03-03","02:40:00","27312","Y"
"VD","2022-03-03","02:45:00","27225","Y"
"VD","2022-03-03","02:50:00","27180","Y"
"VD","2022-03-03","02:55:00","27039","Y"
"VD","2022-03-03","03:00:00","26918","Y"
"VD","2022-03-03","03:05:00","26572","Y"
"VD","2022-03-03","03:10:00","26518","Y"
"VD","2022-03-03","03:15:00","26713","Y"
"VD","2022-03-03","03:20:00","26887","Y"
"VD","2022-03-03","03:25:00","26937","Y"
"VD","2022-03-03","03:30:00","26933","Y"
"VD","2022-03-03","03:35:00","27063","Y"
"VD","2022-03-03","03:40:00","27041","Y"
"VD","2022-03-03","03:45:00","26994","Y"
"VD","2022-03-03","03:50:00","27004","Y"
"VD","2022-03-03","03:55:00","26991","Y"
"VD","2022-03-03","04:00:00","26946","Y"
"VD","2022-03-03","04:05:00","26891","Y"
"VD","2022-03-03","04:10:00","27002","Y"
"VD","2022-03-03","04:15:00","26968","Y"
"VD","2022-03-03","04:20:00","26891","Y"
"VD","2022-03-03","04:25:00","26879","Y"
"VD","2022-03-03","04:30:00","26832","Y"
"VD","2022-03-03","04:35:00","26667","Y"
"VD","2022-03-03","04:40:00","26550","Y"
"VD","2022-03-03","04:45:00","26447","Y"
"VD","2022-03-03","04:50:00","26315","Y"
"VD","2022-03-03","04:55:00","26247","Y"
"VD","2022-03-03","05:00:00","26150","Y"
"VD","2022-03-03","05:05:00","26103","Y"
"VD","2022-03-03","05:10:00","26305","Y"
"VD","2022-03-03","05:15:00","26494","Y"
"VD","2022-03-03","05:20:00","26587","Y"
"VD","2022-03-03","05:25:00","26872","Y"
"VD","2022-03-03","05:30:00","26953","Y"
"VD","2022-03-03","05:35:00","27306","Y"
"VD","2022-03-03","05:40:00","27664","Y"
"VD","2022-03-03","05:45:00","27958","Y"
"VD","2022-03-03","05:50:00","28153","Y"
"VD","2022-03-03","05:55:00","28538","Y"
"VD","2022-03-03","06:00:00","28776","Y"
"VD","2022-03-03","06:05:00","29376","Y"
"VD","2022-03-03","06:10:00","30088","Y"
"VD","2022-03-03","06:15:00","30680","Y"
"VD","2022-03-03","06:20:00","31157","Y"
"VD","2022-03-03","06:25:00","31595","Y"
"VD","2022-03-03","06:30:00","31744","Y"
"VD","2022-03-03","06:35:00","32087","Y"
"VD","2022-03-03","06:40:00","32488","Y"
"VD","2022-03-03","06:45:00","32813","Y"
"VD","2022-03-03","06:50:00","33111","Y"
"VD","2022-03-03","06:55:00","33495","Y"
"VD","2022-03-03","07:00:00","33916","Y"
"VD","2022-03-03","07:05:00","34016","Y"
"VD","2022-03-03","07:10:00","34239","Y"
"VD","2022-03-03","07:15:00","34664","Y"
"VD","2022-03-03","07:20:00","34949","Y"
"VD","2022-03-03","07:25:00","35248","Y"
"VD","2022-03-03","07:30:00","35318","Y"
"VD","2022-03-03","07:35:00","35287","Y"
"VD","2022-03-03","07:40:00","35313","Y"
"VD","2022-03-03","07:45:00","35430","Y"
"VD","2022-03-03","07:50:00","35582","Y"
"VD","2022-03-03","07:55:00","35762","Y"
"VD","2022-03-03","08:00:00","35988","Y"
"VD","2022-03-03","08:05:00","36695","Y"
"VD","2022-03-03","08:10:00","37154","Y"
"VD","2022-03-03","08:15:00","37314","Y"
"VD","2022-03-03","08:20:00","37376","Y"
"VD","2022-03-03","08:25:00","37015","Y"
"VD","2022-03-03","08:30:00","37056","Y"
"VD","2022-03-03","08:35:00","37146","Y"
"VD","2022-03-03","08:40:00","37508","Y"
"VD","2022-03-03","08:45:00","37515","Y"
"VD","2022-03-03","08:50:00","37636","Y"
"VD","2022-03-03","08:55:00","37822","Y"
"VD","2022-03-03","09:00:00","37981","Y"
"VD","2022-03-03","09:05:00","38085","Y"
"VD","2022-03-03","09:10:00","38344","Y"
"VD","2022-03-03","09:15:00","38229","Y"
"VD","2022-03-03","09:20:00","38359","Y"
"VD","2022-03-03","09:25:00","38299","Y"
"VD","2022-03-03","09:30:00","38286","Y"
"VD","2022-03-03","09:35:00","38121","Y"
"VD","2022-03-03","09:40:00","38042","Y"
"VD","2022-03-03","09:45:00","37986","Y"
"VD","2022-03-03","09:50:00","38078","Y"
"VD","2022-03-03","09:55:00","38019","Y"
"VD","2022-03-03","10:00:00","37961","Y"
"VD","2022-03-03","10:05:00","38029","Y"
"VD","2022-03-03","10:10:00","38081","Y"
"VD","2022-03-03","10:15:00","38045","Y"
"VD","2022-03-03","10:20:00","38111","Y"
"VD","2022-03-03","10:25:00","38146","Y"
"VD","2022-03-03","10:30:00","38171","Y"
"VD","2022-03-03","10:35:00","38274","Y"
"VD","2022-03-03","10:40:00","38157","Y"
"VD","2022-03-03","10:45:00","38168","Y"
"VD","2022-03-03","10:50:00","38285","Y"
"VD","2022-03-03","10:55:00","38307","Y"
"VD","2022-03-03","11:00:00","38303","Y"
"VD","2022-03-03","11:05:00","38389","Y"
"VD","2022-03-03","11:10:00","38328","Y"
"VD","2022-03-03","11:15:00","38330","Y"
"VD","2022-03-03","11:20:00","38418","Y"
"VD","2022-03-03","11:25:00","38389","Y"
"VD","2022-03-03","11:30:00","38412","Y"
"VD","2022-03-03","11:35:00","38429","Y"
"VD","2022-03-03","11:40:00","38427","Y"
"VD","2022-03-03","11:45:00","38475","Y"
"VD","2022-03-03","11:50:00","38531","Y"
"VD","2022-03-03","11:55:00","38578","Y"
"VD","2022-03-03","12:00:00","38524","Y"
"VD","2022-03-03","12:05:00","38559","Y"
"VD","2022-03-03","12:10:00","38613","Y"
"VD","2022-03-03","12:15:00","38703","Y"
"VD","2022-03-03","12:20:00","38711","Y"
"VD","2022-03-03","12:25:00","38822","Y"
"VD","2022-03-03","12:30:00","38805","Y"
"VD","2022-03-03","12:35:00","38746","Y"
"VD","2022-03-03","12:40:00","38747","Y"
"VD","2022-03-03","12:45:00","38793","Y"
"VD","2022-03-03","12:50:00","38883","Y"
"VD","2022-03-03","12:55:00","38822","Y"
"VD","2022-03-03","13:00:00","38769","Y"
"VD","2022-03-03","13:05:00","38794","Y"
"VD","2022-03-03","13:10:00","38898","Y"
"VD","2022-03-03","13:15:00","38788","Y"
"VD","2022-03-03","13:20:00","38687","Y"
"VD","2022-03-03","13:25:00","38627","Y"
"VD","2022-03-03","13:30:00","38454","Y"
"VD","2022-03-03","13:35:00","38373","Y"
"VD","2022-03-03","13:40:00","38337","Y"
"VD","2022-03-03","13:45:00","38259","Y"
"VD","2022-03-03","13:50:00","38246","Y"
"VD","2022-03-03","13:55:00","38184","Y"
"VD","2022-03-03","14:00:00","38158","Y"
"VD","2022-03-03","14:05:00","38224","Y"
"VD","2022-03-03","14:10:00","38328","Y"
"VD","2022-03-03","14:15:00","38341","Y"
"VD","2022-03-03","14:20:00","38369","Y"
"VD","2022-03-03","14:25:00","38196","Y"
"VD","2022-03-03","14:30:00","37982","Y"
"VD","2022-03-03","14:35:00","37967","Y"
"VD","2022-03-03","14:40:00","37957","Y"
"VD","2022-03-03","14:45:00","37725","Y"
"VD","2022-03-03","14:50:00","37707","Y"
"VD","2022-03-03","14:55:00","37691","Y"
"VD","2022-03-03","15:00:00","37704","Y"
"VD","2022-03-03","15:05:00","37871","Y"
"VD","2022-03-03","15:10:00","37970","Y"
"VD","2022-03-03","15:15:00","37992","Y"
"VD","2022-03-03","15:20:00","37922","Y"
"VD","2022-03-03","15:25:00","37944","Y"
"VD","2022-03-03","15:30:00","37840","Y"
"VD","2022-03-03","15:35:00","37770","Y"
"VD","2022-03-03","15:40:00","37943","Y"
"VD","2022-03-03","15:45:00","38172","Y"
"VD","2022-03-03","15:50:00","38376","Y"
"VD","2022-03-03","15:55:00","38431","Y"
"VD","2022-03-03","16:00:00","38564","Y"
"VD","2022-03-03","16:05:00","38582","Y"
"VD","2022-03-03","16:10:00","38641","Y"
"VD","2022-03-03","16:15:00","38714","Y"
"VD","2022-03-03","16:20:00","38675","Y"
"VD","2022-03-03","16:25:00","38781","Y"
"VD","2022-03-03","16:30:00","38832","Y"
"VD","2022-03-03","16:35:00","38903","Y"
"VD","2022-03-03","16:40:00","39098","Y"
"VD","2022-03-03","16:45:00","39447","Y"
"VD","2022-03-03","16:50:00","39567","Y"
"VD","2022-03-03","16:55:00","39759","Y"
"VD","2022-03-03","17:00:00","39818","Y"
"VD","2022-03-03","17:05:00","40048","Y"
"VD","2022-03-03","17:10:00","40231","Y"
"VD","2022-03-03","17:15:00","40414","Y"
"VD","2022-03-03","17:20:00","40593","Y"
"VD","2022-03-03","17:25:00","40876","Y"
"VD","2022-03-03","17:30:00","40972","Y"
"VD","2022-03-03","17:35:00","41060","Y"
"VD","2022-03-03","17:40:00","41069","Y"
"VD","2022-03-03","17:45:00","41144","Y"
"VD","2022-03-03","17:50:00","41439","Y"
"VD","2022-03-03","17:55:00","41567","Y"
"VD","2022-03-03","18:00:00","41665","Y"
"VD","2022-03-03","18:05:00","41725","Y"
"VD","2022-03-03","18:10:00","41673","Y"
"VD","2022-03-03","18:15:00","41618","Y"
"VD","2022-03-03","18:20:00","41611","Y"
"VD","2022-03-03","18:25:00","41684","Y"
"VD","2022-03-03","18:30:00","41638","Y"
"VD","2022-03-03","18:35:00","41725","Y"
"VD","2022-03-03","18:40:00","41721","Y"
"VD","2022-03-03","18:45:00","41652","Y"
"VD","2022-03-03","18:50:00","41768","Y"
"VD","2022-03-03","18:55:00","41806","Y"
"VD","2022-03-03","19:00:00","41612","Y"
"VD","2022-03-03","19:05:00","41267","Y"
"VD","2022-03-03","19:10:00","41120","Y"
"VD","2022-03-03","19:15:00","40879","Y"
"VD","2022-03-03","19:20:00","40773","Y"
"VD","2022-03-03","19:25:00","40532","Y"
"VD","2022-03-03","19:30:00","40287","Y"
"VD","2022-03-03","19:35:00","40121","Y"
"VD","2022-03-03","19:40:00","40081","Y"
"VD","2022-03-03","19:45:00","39851","Y"
"VD","2022-03-03","19:50:00","39611","Y"
"VD","2022-03-03","19:55:00","39373","Y"
"VD","2022-03-03","20:00:00","39040","Y"
"VD","2022-03-03","20:05:00","38956","Y"
"VD","2022-03-03","20:10:00","38792","Y"
"VD","2022-03-03","20:15:00","38624","Y"
"VD","2022-03-03","20:20:00","38437","Y"
"VD","2022-03-03","20:25:00","38316","Y"
"VD","2022-03-03","20:30:00","38093","Y"
"VD","2022-03-03","20:35:00","37791","Y"
"VD","2022-03-03","20:40:00","37480","Y"
"VD","2022-03-03","20:45:00","37259","Y"
"VD","2022-03-03","20:50:00","37187","Y"
"VD","2022-03-03","20:55:00","37040","Y"
"VD","2022-03-03","21:00:00","36507","Y"
"VD","2022-03-03","21:05:00","36198","Y"
"VD","2022-03-03","21:10:00","35876","Y"
"VD","2022-03-03","21:15:00","35503","Y"
"VD","2022-03-03","21:20:00","35134","Y"
"VD","2022-03-03","21:25:00","34985","Y"
"VD","2022-03-03","21:30:00","34763","Y"
"VD","2022-03-03","21:35:00","34449","Y"
"VD","2022-03-03","21:40:00","34250","Y"
"VD","2022-03-03","21:45:00","33778","Y"
"VD","2022-03-03","21:50:00","33512","Y"
"VD","2022-03-03","21:55:00","33255","Y"
"VD","2022-03-03","22:00:00","33039","Y"
"VD","2022-03-03","22:05:00","32641","Y"
"VD","2022-03-03","22:10:00","32414","Y"
"VD","2022-03-03","22:15:00","32042","Y"
"VD","2022-03-03","22:20:00","31776","Y"
"VD","2022-03-03","22:25:00","31570","Y"
"VD","2022-03-03","22:30:00","31382","Y"
"VD","2022-03-03","22:35:00","31139","Y"
"VD","2022-03-03","22:40:00","30865","Y"
"VD","2022-03-03","22:45:00","30586","Y"
"VD","2022-03-03","22:50:00","30335","Y"
"VD","2022-03-03","22:55:00","30108","Y"
"VD","2022-03-03","23:00:00","29755","Y"
"VD","2022-03-03","23:05:00","29640","Y"
"VD","2022-03-03","23:10:00","29585","Y"
"VD","2022-03-03","23:15:00","29755","Y"
"VD","2022-03-03","23:20:00","29596","Y"
"VD","2022-03-03","23:25:00","29357","Y"
"VD","2022-03-03","23:30:00","29189","Y"
"VD","2022-03-03","23:35:00","29123","Y"
"VD","2022-03-03","23:40:00","29032","Y"
"VD","2022-03-03","23:45:00","28842","Y"
"VD","2022-03-03","23:50:00","28631","Y"
"VD","2022-03-03","23:55:00","28323","Y"
"VD","2022-03-04","00:00:00","28297","Y"
"VD","2022-03-04","00:05:00","28548","Y"
"VD","2022-03-04","00:10:00","28701","Y"
"VD","2022-03-04","00:15:00","28614","Y"
"VD","2022-03-04","00:20:00","28546","Y"
"VD","2022-03-04","00:25:00","28497","Y"
"VD","2022-03-04","00:30:00","28514","Y"
"VD","2022-03-04","00:35:00","28659","Y"
"VD","2022-03-04","00:40:00","28670","Y"
"VD","2022-03-04","00:45:00","28684","Y"
"VD","2022-03-04","00:50:00","28708","Y"
"VD","2022-03-04","00:55:00","28641","Y"
"VD","2022-03-04","01:00:00","28598","Y"
"VD","2022-03-04","01:05:00","28872","Y"
"VD","2022-03-04","01:10:00","28839","Y"
"VD","2022-03-04","01:15:00","28789","Y"
"VD","2022-03-04","01:20:00","28709","Y"
"VD","2022-03-04","01:25:00","28623","Y"
"VD","2022-03-04","01:30:00","28526","Y"
"VD","2022-03-04","01:35:00","28478","Y"
"VD","2022-03-04","01:40:00","28426","Y"
"VD","2022-03-04","01:45:00","28388","Y"
"VD","2022-03-04","01:50:00","28302","Y"
"VD","2022-03-04","01:55:00","28203","Y"
"VD","2022-03-04","02:00:00","28113","Y"
"VD","2022-03-04","02:05:00","27635","Y"
"VD","2022-03-04","02:10:00","27573","Y"
"VD","2022-03-04","02:15:00","27577","Y"
"VD","2022-03-04","02:20:00","27538","Y"
"VD","2022-03-04","02:25:00","27444","Y"
"VD","2022-03-04","02:30:00","27353","Y"
"VD","2022-03-04","02:35:00","27503","Y"
"VD","2022-03-04","02:40:00","27550","Y"
"VD","2022-03-04","02:45:00","27466","Y"
"VD","2022-03-04","02:50:00","27407","Y"
"VD","2022-03-04","02:55:00","27366","Y"
"VD","2022-03-04","03:00:00","27319","Y"
"VD","2022-03-04","03:05:00","27093","Y"
"VD","2022-03-04","03:10:00","26881","Y"
"VD","2022-03-04","03:15:00","26910","Y"
"VD","2022-03-04","03:20:00","26936","Y"
"VD","2022-03-04","03:25:00","26904","Y"
"VD","2022-03-04","03:30:00","26824","Y"
"VD","2022-03-04","03:35:00","26773","Y"
"VD","2022-03-04","03:40:00","26762","Y"
"VD","2022-03-04","03:45:00","26705","Y"
"VD","2022-03-04","03:50:00","26630","Y"
"VD","2022-03-04","03:55:00","26572","Y"
"VD","2022-03-04","04:00:00","26508","Y"
"VD","2022-03-04","04:05:00","26410","Y"
"VD","2022-03-04","04:10:00","26383","Y"
"VD","2022-03-04","04:15:00","26452","Y"
"VD","2022-03-04","04:20:00","26420","Y"
"VD","2022-03-04","04:25:00","26402","Y"
"VD","2022-03-04","04:30:00","26379","Y"
"VD","2022-03-04","04:35:00","26388","Y"
"VD","2022-03-04","04:40:00","26395","Y"
"VD","2022-03-04","04:45:00","26342","Y"
"VD","2022-03-04","04:50:00","26376","Y"
"VD","2022-03-04","04:55:00","26433","Y"
"VD","2022-03-04","05:00:00","26468","Y"
"VD","2022-03-04","05:05:00","26618","Y"
"VD","2022-03-04","05:10:00","26693","Y"
"VD","2022-03-04","05:15:00","26674","Y"
"VD","2022-03-04","05:20:00","26603","Y"
"VD","2022-03-04","05:25:00","26595","Y"
"VD","2022-03-04","05:30:00","26668","Y"
"VD","2022-03-04","05:35:00","26860","Y"
"VD","2022-03-04","05:40:00","27139","Y"
"VD","2022-03-04","05:45:00","27484","Y"
"VD","2022-03-04","05:50:00","27769","Y"
"VD","2022-03-04","05:55:00","27908","Y"
"VD","2022-03-04","06:00:00","28167","Y"
"VD","2022-03-04","06:05:00","28740","Y"
"VD","2022-03-04","06:10:00","29163","Y"
"VD","2022-03-04","06:15:00","29462","Y"
"VD","2022-03-04","06:20:00","29991","Y"
"VD","2022-03-04","06:25:00","30311","Y"
"VD","2022-03-04","06:30:00","30732","Y"
"VD","2022-03-04","06:35:00","31158","Y"
"VD","2022-03-04","06:40:00","31576","Y"
"VD","2022-03-04","06:45:00","31905","Y"
"VD","2022-03-04","06:50:00","32396","Y"
"VD","2022-03-04","06:55:00","32805","Y"
"VD","2022-03-04","07:00:00","32954","Y"
"VD","2022-03-04","07:05:00","33862","Y"
"VD","2022-03-04","07:10:00","34360","Y"
"VD","2022-03-04","07:15:00","34747","Y"
"VD","2022-03-04","07:20:00","35204","Y"
"VD","2022-03-04","07:25:00","35667","Y"
"VD","2022-03-04","07:30:00","35773","Y"
"VD","2022-03-04","07:35:00","35850","Y"
"VD","2022-03-04","07:40:00","35989","Y"
"VD","2022-03-04","07:45:00","36304","Y"
"VD","2022-03-04","07:50:00","36438","Y"
"VD","2022-03-04","07:55:00","36579","Y"
"VD","2022-03-04","08:00:00","36774","Y"
"VD","2022-03-04","08:05:00","37211","Y"
"VD","2022-03-04","08:10:00","37439","Y"
"VD","2022-03-04","08:15:00","37520","Y"
"VD","2022-03-04","08:20:00","37517","Y"
"VD","2022-03-04","08:25:00","37639","Y"
"VD","2022-03-04","08:30:00","37565","Y"
"VD","2022-03-04","08:35:00","37452","Y"
"VD","2022-03-04","08:40:00","37527","Y"
"VD","2022-03-04","08:45:00","37650","Y"
"VD","2022-03-04","08:50:00","37744","Y"
"VD","2022-03-04","08:55:00","37846","Y"
"VD","2022-03-04","09:00:00","37889","Y"
"VD","2022-03-04","09:05:00","38068","Y"
"VD","2022-03-04","09:10:00","38168","Y"
"VD","2022-03-04","09:15:00","38159","Y"
"VD","2022-03-04","09:20:00","38199","Y"
"VD","2022-03-04","09:25:00","38242","Y"
"VD","2022-03-04","09:30:00","38213","Y"
"VD","2022-03-04","09:35:00","38246","Y"
"VD","2022-03-04","09:40:00","38260","Y"
"VD","2022-03-04","09:45:00","38106","Y"
"VD","2022-03-04","09:50:00","38110","Y"
"VD","2022-03-04","09:55:00","38049","Y"
"VD","2022-03-04","10:00:00","38008","Y"
"VD","2022-03-04","10:05:00","38013","Y"
"VD","2022-03-04","10:10:00","38035","Y"
"VD","2022-03-04","10:15:00","38017","Y"
"VD","2022-03-04","10:20:00","37973","Y"
"VD","2022-03-04","10:25:00","37896","Y"
"VD","2022-03-04","10:30:00","37887","Y"
"VD","2022-03-04","10:35:00","37916","Y"
"VD","2022-03-04","10:40:00","37938","Y"
"VD","2022-03-04","10:45:00","37891","Y"
"VD","2022-03-04","10:50:00","37890","Y"
"VD","2022-03-04","10:55:00","37831","Y"
"VD","2022-03-04","11:00:00","37782","Y"
"VD","2022-03-04","11:05:00","37696","Y"
"VD","2022-03-04","11:10:00","37798","Y"
"VD","2022-03-04","11:15:00","37812","Y"
"VD","2022-03-04","11:20:00","37840","Y"
"VD","2022-03-04","11:25:00","37834","Y"
"VD","2022-03-04","11:30:00","37792","Y"
"VD","2022-03-04","11:35:00","37743","Y"
"VD","2022-03-04","11:40:00","37677","Y"
"VD","2022-03-04","11:45:00","37603","Y"
"VD","2022-03-04","11:50:00","37574","Y"
"VD","2022-03-04","11:55:00","37597","Y"
"VD","2022-03-04","12:00:00","37635","Y"
"VD","2022-03-04","12:05:00","37583","Y"
"VD","2022-03-04","12:10:00","37568","Y"
"VD","2022-03-04","12:15:00","37512","Y"
"VD","2022-03-04","12:20:00","37502","Y"
"VD","2022-03-04","12:25:00","37419","Y"
"VD","2022-03-04","12:30:00","37354","Y"
"VD","2022-03-04","12:35:00","37337","Y"
"VD","2022-03-04","12:40:00","37265","Y"
"VD","2022-03-04","12:45:00","37203","Y"
"VD","2022-03-04","12:50:00","37153","Y"
"VD","2022-03-04","12:55:00","37081","Y"
"VD","2022-03-04","13:00:00","36957","Y"
"VD","2022-03-04","13:05:00","36893","Y"
"VD","2022-03-04","13:10:00","36801","Y"
"VD","2022-03-04","13:15:00","36751","Y"
"VD","2022-03-04","13:20:00","36624","Y"
"VD","2022-03-04","13:25:00","36530","Y"
"VD","2022-03-04","13:30:00","36395","Y"
"VD","2022-03-04","13:35:00","36374","Y"
"VD","2022-03-04","13:40:00","36312","Y"
"VD","2022-03-04","13:45:00","36114","Y"
"VD","2022-03-04","13:50:00","36002","Y"
"VD","2022-03-04","13:55:00","36009","Y"
"VD","2022-03-04","14:00:00","35982","Y"
"VD","2022-03-04","14:05:00","36217","Y"
"VD","2022-03-04","14:10:00","36218","Y"
"VD","2022-03-04","14:15:00","36151","Y"
"VD","2022-03-04","14:20:00","36106","Y"
"VD","2022-03-04","14:25:00","35971","Y"
"VD","2022-03-04","14:30:00","35869","Y"
"VD","2022-03-04","14:35:00","35916","Y"
"VD","2022-03-04","14:40:00","35857","Y"
"VD","2022-03-04","14:45:00","35944","Y"
"VD","2022-03-04","14:50:00","36067","Y"
"VD","2022-03-04","14:55:00","36099","Y"
"VD","2022-03-04","15:00:00","36094","Y"
"VD","2022-03-04","15:05:00","36074","Y"
"VD","2022-03-04","15:10:00","36018","Y"
"VD","2022-03-04","15:15:00","35997","Y"
"VD","2022-03-04","15:20:00","35875","Y"
"VD","2022-03-04","15:25:00","35842","Y"
"VD","2022-03-04","15:30:00","35881","Y"
"VD","2022-03-04","15:35:00","35876","Y"
"VD","2022-03-04","15:40:00","35910","Y"
"VD","2022-03-04","15:45:00","36032","Y"
"VD","2022-03-04","15:50:00","36208","Y"
"VD","2022-03-04","15:55:00","36330","Y"
"VD","2022-03-04","16:00:00","36644","Y"
"VD","2022-03-04","16:05:00","36793","Y"
"VD","2022-03-04","16:10:00","36871","Y"
"VD","2022-03-04","16:15:00","36986","Y"
"VD","2022-03-04","16:20:00","37006","Y"
"VD","2022-03-04","16:25:00","37077","Y"
"VD","2022-03-04","16:30:00","37171","Y"
"VD","2022-03-04","16:35:00","37213","Y"
"VD","2022-03-04","16:40:00","37362","Y"
"VD","2022-03-04","16:45:00","37522","Y"
"VD","2022-03-04","16:50:00","37718","Y"
"VD","2022-03-04","16:55:00","37968","Y"
"VD","2022-03-04","17:00:00","38197","Y"
"VD","2022-03-04","17:05:00","38559","Y"
"VD","2022-03-04","17:10:00","38779","Y"
"VD","2022-03-04","17:15:00","38906","Y"
"VD","2022-03-04","17:20:00","39020","Y"
"VD","2022-03-04","17:25:00","39227","Y"
"VD","2022-03-04","17:30:00","39245","Y"
"VD","2022-03-04","17:35:00","39384","Y"
"VD","2022-03-04","17:40:00","39628","Y"
"VD","2022-03-04","17:45:00","39918","Y"
"VD","2022-03-04","17:50:00","40067","Y"
"VD","2022-03-04","17:55:00","40096","Y"
"VD","2022-03-04","18:00:00","40176","Y"
"VD","2022-03-04","18:05:00","40204","Y"
"VD","2022-03-04","18:10:00","40452","Y"
"VD","2022-03-04","18:15:00","40618","Y"
"VD","2022-03-04","18:20:00","40722","Y"
"VD","2022-03-04","18:25:00","40985","Y"
"VD","2022-03-04","18:30:00","40957","Y"
"VD","2022-03-04","18:35:00","40930","Y"
"VD","2022-03-04","18:40:00","40881","Y"
"VD","2022-03-04","18:45:00","40790","Y"
"VD","2022-03-04","18:50:00","40702","Y"
"VD","2022-03-04","18:55:00","40615","Y"
"VD","2022-03-04","19:00:00","40187","Y"
"VD","2022-03-04","19:05:00","39880","Y"
"VD","2022-03-04","19:10:00","39655","Y"
"VD","2022-03-04","19:15:00","39392","Y"
"VD","2022-03-04","19:20:00","39178","Y"
"VD","2022-03-04","19:25:00","38818","Y"
"VD","2022-03-04","19:30:00","38645","Y"
"VD","2022-03-04","19:35:00","38392","Y"
"VD","2022-03-04","19:40:00","38327","Y"
"VD","2022-03-04","19:45:00","38175","Y"
"VD","2022-03-04","19:50:00","37954","Y"
"VD","2022-03-04","19:55:00","37533","Y"
"VD","2022-03-04","20:00:00","37131","Y"
"VD","2022-03-04","20:05:00","37231","Y"
"VD","2022-03-04","20:10:00","37148","Y"
"VD","2022-03-04","20:15:00","36900","Y"
"VD","2022-03-04","20:20:00","36751","Y"
"VD","2022-03-04","20:25:00","36655","Y"
"VD","2022-03-04","20:30:00","36348","Y"
"VD","2022-03-04","20:35:00","35967","Y"
"VD","2022-03-04","20:40:00","35800","Y"
"VD","2022-03-04","20:45:00","35640","Y"
"VD","2022-03-04","20:50:00","35461","Y"
"VD","2022-03-04","20:55:00","35096","Y"
"VD","2022-03-04","21:00:00","34833","Y"
"VD","2022-03-04","21:05:00","34770","Y"
"VD","2022-03-04","21:10:00","34531","Y"
"VD","2022-03-04","21:15:00","34151","Y"
"VD","2022-03-04","21:20:00","33931","Y"
"VD","2022-03-04","21:25:00","33671","Y"
"VD","2022-03-04","21:30:00","33352","Y"
"VD","2022-03-04","21:35:00","33162","Y"
"VD","2022-03-04","21:40:00","33012","Y"
"VD","2022-03-04","21:45:00","32672","Y"
"VD","2022-03-04","21:50:00","32492","Y"
"VD","2022-03-04","21:55:00","32335","Y"
"VD","2022-03-04","22:00:00","32023","Y"
"VD","2022-03-04","22:05:00","31689","Y"
"VD","2022-03-04","22:10:00","31388","Y"
"VD","2022-03-04","22:15:00","31093","Y"
"VD","2022-03-04","22:20:00","30719","Y"
"VD","2022-03-04","22:25:00","30367","Y"
"VD","2022-03-04","22:30:00","30132","Y"
"VD","2022-03-04","22:35:00","29987","Y"
"VD","2022-03-04","22:40:00","29597","Y"
"VD","2022-03-04","22:45:00","29326","Y"
"VD","2022-03-04","22:50:00","29183","Y"
"VD","2022-03-04","22:55:00","28886","Y"
"VD","2022-03-04","23:00:00","28700","Y"
"VD","2022-03-04","23:05:00","28522","Y"
"VD","2022-03-04","23:10:00","28033","Y"
"VD","2022-03-04","23:15:00","27830","Y"
"VD","2022-03-04","23:20:00","27681","Y"
"VD","2022-03-04","23:25:00","27515","Y"
"VD","2022-03-04","23:30:00","27369","Y"
"VD","2022-03-04","23:35:00","27253","Y"
"VD","2022-03-04","23:40:00","27142","Y"
"VD","2022-03-04","23:45:00","26942","Y"
"VD","2022-03-04","23:50:00","26714","Y"
"VD","2022-03-04","23:55:00","26642","Y"
"VD","2022-03-05","00:00:00","26589","Y"
"VD","2022-03-05","00:05:00","26643","Y"
"VD","2022-03-05","00:10:00","26672","Y"
"VD","2022-03-05","00:15:00","26636","Y"
"VD","2022-03-05","00:20:00","26565","Y"
"VD","2022-03-05","00:25:00","26464","Y"
"VD","2022-03-05","00:30:00","26446","Y"
"VD","2022-03-05","00:35:00","26719","Y"
"VD","2022-03-05","00:40:00","26966","Y"
"VD","2022-03-05","00:45:00","26949","Y"
"VD","2022-03-05","00:50:00","26884","Y"
"VD","2022-03-05","00:55:00","26739","Y"
"VD","2022-03-05","01:00:00","26376","Y"
"VD","2022-03-05","01:05:00","26256","Y"
"VD","2022-03-05","01:10:00","26138","Y"
"VD","2022-03-05","01:15:00","26019","Y"
"VD","2022-03-05","01:20:00","25908","Y"
"VD","2022-03-05","01:25:00","25798","Y"
"VD","2022-03-05","01:30:00","25707","Y"
"VD","2022-03-05","01:35:00","25596","Y"
"VD","2022-03-05","01:40:00","25519","Y"
"VD","2022-03-05","01:45:00","25484","Y"
"VD","2022-03-05","01:50:00","25436","Y"
"VD","2022-03-05","01:55:00","25250","Y"
"VD","2022-03-05","02:00:00","25282","Y"
"VD","2022-03-05","02:05:00","25232","Y"
"VD","2022-03-05","02:10:00","25296","Y"
"VD","2022-03-05","02:15:00","25234","Y"
"VD","2022-03-05","02:20:00","25249","Y"
"VD","2022-03-05","02:25:00","25259","Y"
"VD","2022-03-05","02:30:00","25231","Y"
"VD","2022-03-05","02:35:00","25260","Y"
"VD","2022-03-05","02:40:00","25189","Y"
"VD","2022-03-05","02:45:00","25127","Y"
"VD","2022-03-05","02:50:00","25021","Y"
"VD","2022-03-05","02:55:00","24922","Y"
"VD","2022-03-05","03:00:00","24801","Y"
"VD","2022-03-05","03:05:00","24613","Y"
"VD","2022-03-05","03:10:00","24475","Y"
"VD","2022-03-05","03:15:00","24474","Y"
"VD","2022-03-05","03:20:00","24401","Y"
"VD","2022-03-05","03:25:00","24263","Y"
"VD","2022-03-05","03:30:00","24155","Y"
"VD","2022-03-05","03:35:00","24158","Y"
"VD","2022-03-05","03:40:00","24162","Y"
"VD","2022-03-05","03:45:00","24131","Y"
"VD","2022-03-05","03:50:00","24148","Y"
"VD","2022-03-05","03:55:00","24185","Y"
"VD","2022-03-05","04:00:00","24048","Y"
"VD","2022-03-05","04:05:00","23827","Y"
"VD","2022-03-05","04:10:00","23892","Y"
"VD","2022-03-05","04:15:00","23908","Y"
"VD","2022-03-05","04:20:00","23900","Y"
"VD","2022-03-05","04:25:00","23872","Y"
"VD","2022-03-05","04:30:00","23945","Y"
"VD","2022-03-05","04:35:00","24025","Y"
"VD","2022-03-05","04:40:00","24022","Y"
"VD","2022-03-05","04:45:00","23909","Y"
"VD","2022-03-05","04:50:00","23925","Y"
"VD","2022-03-05","04:55:00","24018","Y"
"VD","2022-03-05","05:00:00","24058","Y"
"VD","2022-03-05","05:05:00","23925","Y"
"VD","2022-03-05","05:10:00","23948","Y"
"VD","2022-03-05","05:15:00","23974","Y"
"VD","2022-03-05","05:20:00","24001","Y"
"VD","2022-03-05","05:25:00","24025","Y"
"VD","2022-03-05","05:30:00","23943","Y"
"VD","2022-03-05","05:35:00","23911","Y"
"VD","2022-03-05","05:40:00","23950","Y"
"VD","2022-03-05","05:45:00","23891","Y"
"VD","2022-03-05","05:50:00","23989","Y"
"VD","2022-03-05","05:55:00","24021","Y"
"VD","2022-03-05","06:00:00","24236","Y"
"VD","2022-03-05","06:05:00","24783","Y"
"VD","2022-03-05","06:10:00","25140","Y"
"VD","2022-03-05","06:15:00","25480","Y"
"VD","2022-03-05","06:20:00","25754","Y"
"VD","2022-03-05","06:25:00","25781","Y"
"VD","2022-03-05","06:30:00","25737","Y"
"VD","2022-03-05","06:35:00","25841","Y"
"VD","2022-03-05","06:40:00","25918","Y"
"VD","2022-03-05","06:45:00","26136","Y"
"VD","2022-03-05","06:50:00","26273","Y"
"VD","2022-03-05","06:55:00","26511","Y"
"VD","2022-03-05","07:00:00","26579","Y"
"VD","2022-03-05","07:05:00","26925","Y"
"VD","2022-03-05","07:10:00","27235","Y"
"VD","2022-03-05","07:15:00","27472","Y"
"VD","2022-03-05","07:20:00","27681","Y"
"VD","2022-03-05","07:25:00","27859","Y"
"VD","2022-03-05","07:30:00","27970","Y"
"VD","2022-03-05","07:35:00","28045","Y"
"VD","2022-03-05","07:40:00","28105","Y"
"VD","2022-03-05","07:45:00","28290","Y"
"VD","2022-03-05","07:50:00","28540","Y"
"VD","2022-03-05","07:55:00","28713","Y"
"VD","2022-03-05","08:00:00","28992","Y"
"VD","2022-03-05","08:05:00","29290","Y"
"VD","2022-03-05","08:10:00","29672","Y"
"VD","2022-03-05","08:15:00","30071","Y"
"VD","2022-03-05","08:20:00","30175","Y"
"VD","2022-03-05","08:25:00","30258","Y"
"VD","2022-03-05","08:30:00","30326","Y"
"VD","2022-03-05","08:35:00","30420","Y"
"VD","2022-03-05","08:40:00","30415","Y"
"VD","2022-03-05","08:45:00","30490","Y"
"VD","2022-03-05","08:50:00","30588","Y"
"VD","2022-03-05","08:55:00","30645","Y"
"VD","2022-03-05","09:00:00","30781","Y"
"VD","2022-03-05","09:05:00","30907","Y"
"VD","2022-03-05","09:10:00","31086","Y"
"VD","2022-03-05","09:15:00","31226","Y"
"VD","2022-03-05","09:20:00","31455","Y"
"VD","2022-03-05","09:25:00","31623","Y"
"VD","2022-03-05","09:30:00","31495","Y"
"VD","2022-03-05","09:35:00","31465","Y"
"VD","2022-03-05","09:40:00","31508","Y"
"VD","2022-03-05","09:45:00","31474","Y"
"VD","2022-03-05","09:50:00","31537","Y"
"VD","2022-03-05","09:55:00","31600","Y"
"VD","2022-03-05","10:00:00","31637","Y"
"VD","2022-03-05","10:05:00","31793","Y"
"VD","2022-03-05","10:10:00","31792","Y"
"VD","2022-03-05","10:15:00","31773","Y"
"VD","2022-03-05","10:20:00","31686","Y"
"VD","2022-03-05","10:25:00","31634","Y"
"VD","2022-03-05","10:30:00","31562","Y"
"VD","2022-03-05","10:35:00","31524","Y"
"VD","2022-03-05","10:40:00","31558","Y"
"VD","2022-03-05","10:45:00","31593","Y"
"VD","2022-03-05","10:50:00","31614","Y"
"VD","2022-03-05","10:55:00","31622","Y"
"VD","2022-03-05","11:00:00","31549","Y"
"VD","2022-03-05","11:05:00","31418","Y"
"VD","2022-03-05","11:10:00","31591","Y"
"VD","2022-03-05","11:15:00","31441","Y"
"VD","2022-03-05","11:20:00","31297","Y"
"VD","2022-03-05","11:25:00","31390","Y"
"VD","2022-03-05","11:30:00","31425","Y"
"VD","2022-03-05","11:35:00","31405","Y"
"VD","2022-03-05","11:40:00","31352","Y"
"VD","2022-03-05","11:45:00","31371","Y"
"VD","2022-03-05","11:50:00","31284","Y"
"VD","2022-03-05","11:55:00","31256","Y"
"VD","2022-03-05","12:00:00","31328","Y"
"VD","2022-03-05","12:05:00","31332","Y"
"VD","2022-03-05","12:10:00","31291","Y"
"VD","2022-03-05","12:15:00","31189","Y"
"VD","2022-03-05","12:20:00","31165","Y"
"VD","2022-03-05","12:25:00","31215","Y"
"VD","2022-03-05","12:30:00","31195","Y"
"VD","2022-03-05","12:35:00","31169","Y"
"VD","2022-03-05","12:40:00","31137","Y"
"VD","2022-03-05","12:45:00","30989","Y"
"VD","2022-03-05","12:50:00","30995","Y"
"VD","2022-03-05","12:55:00","30930","Y"
"VD","2022-03-05","13:00:00","30849","Y"
"VD","2022-03-05","13:05:00","30894","Y"
"VD","2022-03-05","13:10:00","30675","Y"
"VD","2022-03-05","13:15:00","30548","Y"
"VD","2022-03-05","13:20:00","30579","Y"
"VD","2022-03-05","13:25:00","30575","Y"
"VD","2022-03-05","13:30:00","30560","Y"
"VD","2022-03-05","13:35:00","30591","Y"
"VD","2022-03-05","13:40:00","30537","Y"
"VD","2022-03-05","13:45:00","30452","Y"
"VD","2022-03-05","13:50:00","30448","Y"
"VD","2022-03-05","13:55:00","30382","Y"
"VD","2022-03-05","14:00:00","30354","Y"
"VD","2022-03-05","14:05:00","30308","Y"
"VD","2022-03-05","14:10:00","30270","Y"
"VD","2022-03-05","14:15:00","30250","Y"
"VD","2022-03-05","14:20:00","30272","Y"
"VD","2022-03-05","14:25:00","30244","Y"
"VD","2022-03-05","14:30:00","30238","Y"
"VD","2022-03-05","14:35:00","30198","Y"
"VD","2022-03-05","14:40:00","30138","Y"
"VD","2022-03-05","14:45:00","30113","Y"
"VD","2022-03-05","14:50:00","30204","Y"
"VD","2022-03-05","14:55:00","30358","Y"
"VD","2022-03-05","15:00:00","30525","Y"
"VD","2022-03-05","15:05:00","30549","Y"
"VD","2022-03-05","15:10:00","30522","Y"
"VD","2022-03-05","15:15:00","30725","Y"
"VD","2022-03-05","15:20:00","30768","Y"
"VD","2022-03-05","15:25:00","30837","Y"
"VD","2022-03-05","15:30:00","30908","Y"
"VD","2022-03-05","15:35:00","31066","Y"
"VD","2022-03-05","15:40:00","30932","Y"
"VD","2022-03-05","15:45:00","31095","Y"
"VD","2022-03-05","15:50:00","31267","Y"
"VD","2022-03-05","15:55:00","31528","Y"
"VD","2022-03-05","16:00:00","31758","Y"
"VD","2022-03-05","16:05:00","31960","Y"
"VD","2022-03-05","16:10:00","32201","Y"
"VD","2022-03-05","16:15:00","32382","Y"
"VD","2022-03-05","16:20:00","32600","Y"
"VD","2022-03-05","16:25:00","32833","Y"
"VD","2022-03-05","16:30:00","33032","Y"
"VD","2022-03-05","16:35:00","33382","Y"
"VD","2022-03-05","16:40:00","33741","Y"
"VD","2022-03-05","16:45:00","33903","Y"
"VD","2022-03-05","16:50:00","34054","Y"
"VD","2022-03-05","16:55:00","34227","Y"
"VD","2022-03-05","17:00:00","34518","Y"
"VD","2022-03-05","17:05:00","34969","Y"
"VD","2022-03-05","17:10:00","35269","Y"
"VD","2022-03-05","17:15:00","35523","Y"
"VD","2022-03-05","17:20:00","35850","Y"
"VD","2022-03-05","17:25:00","36059","Y"
"VD","2022-03-05","17:30:00","36301","Y"
"VD","2022-03-05","17:35:00","36318","Y"
"VD","2022-03-05","17:40:00","36369","Y"
"VD","2022-03-05","17:45:00","36506","Y"
"VD","2022-03-05","17:50:00","36766","Y"
"VD","2022-03-05","17:55:00","36931","Y"
"VD","2022-03-05","18:00:00","37159","Y"
"VD","2022-03-05","18:05:00","37360","Y"
"VD","2022-03-05","18:10:00","37480","Y"
"VD","2022-03-05","18:15:00","37648","Y"
"VD","2022-03-05","18:20:00","37646","Y"
"VD","2022-03-05","18:25:00","37777","Y"
"VD","2022-03-05","18:30:00","37780","Y"
"VD","2022-03-05","18:35:00","37669","Y"
"VD","2022-03-05","18:40:00","37613","Y"
"VD","2022-03-05","18:45:00","37564","Y"
"VD","2022-03-05","18:50:00","37486","Y"
"VD","2022-03-05","18:55:00","37303","Y"
"VD","2022-03-05","19:00:00","37035","Y"
"VD","2022-03-05","19:05:00","36950","Y"
"VD","2022-03-05","19:10:00","36940","Y"
"VD","2022-03-05","19:15:00","36623","Y"
"VD","2022-03-05","19:20:00","36261","Y"
"VD","2022-03-05","19:25:00","36076","Y"
"VD","2022-03-05","19:30:00","35915","Y"
"VD","2022-03-05","19:35:00","35804","Y"
"VD","2022-03-05","19:40:00","35760","Y"
"VD","2022-03-05","19:45:00","35775","Y"
"VD","2022-03-05","19:50:00","35588","Y"
"VD","2022-03-05","19:55:00","35327","Y"
"VD","2022-03-05","20:00:00","35121","Y"
"VD","2022-03-05","20:05:00","34994","Y"
"VD","2022-03-05","20:10:00","34920","Y"
"VD","2022-03-05","20:15:00","34762","Y"
"VD","2022-03-05","20:20:00","34617","Y"
"VD","2022-03-05","20:25:00","34528","Y"
"VD","2022-03-05","20:30:00","34406","Y"
"VD","2022-03-05","20:35:00","34167","Y"
"VD","2022-03-05","20:40:00","33947","Y"
"VD","2022-03-05","20:45:00","33786","Y"
"VD","2022-03-05","20:50:00","33667","Y"
"VD","2022-03-05","20:55:00","33541","Y"
"VD","2022-03-05","21:00:00","33194","Y"
"VD","2022-03-05","21:05:00","32831","Y"
"VD","2022-03-05","21:10:00","32584","Y"
"VD","2022-03-05","21:15:00","32451","Y"
"VD","2022-03-05","21:20:00","32344","Y"
"VD","2022-03-05","21:25:00","32032","Y"
"VD","2022-03-05","21:30:00","31767","Y"
"VD","2022-03-05","21:35:00","31659","Y"
"VD","2022-03-05","21:40:00","31508","Y"
"VD","2022-03-05","21:45:00","31152","Y"
"VD","2022-03-05","21:50:00","31068","Y"
"VD","2022-03-05","21:55:00","30925","Y"
"VD","2022-03-05","22:00:00","30712","Y"
"VD","2022-03-05","22:05:00","30319","Y"
"VD","2022-03-05","22:10:00","30288","Y"
"VD","2022-03-05","22:15:00","29898","Y"
"VD","2022-03-05","22:20:00","29551","Y"
"VD","2022-03-05","22:25:00","29286","Y"
"VD","2022-03-05","22:30:00","29192","Y"
"VD","2022-03-05","22:35:00","29154","Y"
"VD","2022-03-05","22:40:00","28963","Y"
"VD","2022-03-05","22:45:00","28759","Y"
"VD","2022-03-05","22:50:00","28624","Y"
"VD","2022-03-05","22:55:00","28429","Y"
"VD","2022-03-05","23:00:00","28237","Y"
"VD","2022-03-05","23:05:00","28190","Y"
"VD","2022-03-05","23:10:00","27924","Y"
"VD","2022-03-05","23:15:00","27520","Y"
"VD","2022-03-05","23:20:00","27248","Y"
"VD","2022-03-05","23:25:00","27014","Y"
"VD","2022-03-05","23:30:00","26709","Y"
"VD","2022-03-05","23:35:00","26534","Y"
"VD","2022-03-05","23:40:00","26415","Y"
"VD","2022-03-05","23:45:00","26214","Y"
"VD","2022-03-05","23:50:00","25973","Y"
"VD","2022-03-05","23:55:00","25774","Y"
"VD","2022-03-06","00:00:00","25622","Y"
"VD","2022-03-06","00:05:00","25947","Y"
"VD","2022-03-06","00:10:00","25980","Y"
"VD","2022-03-06","00:15:00","26026","Y"
"VD","2022-03-06","00:20:00","25937","Y"
"VD","2022-03-06","00:25:00","25854","Y"
"VD","2022-03-06","00:30:00","25808","Y"
"VD","2022-03-06","00:35:00","26135","Y"
"VD","2022-03-06","00:40:00","26280","Y"
"VD","2022-03-06","00:45:00","26296","Y"
"VD","2022-03-06","00:50:00","26252","Y"
"VD","2022-03-06","00:55:00","26181","Y"
"VD","2022-03-06","01:00:00","26208","Y"
"VD","2022-03-06","01:05:00","26453","Y"
"VD","2022-03-06","01:10:00","26562","Y"
"VD","2022-03-06","01:15:00","26551","Y"
"VD","2022-03-06","01:20:00","26427","Y"
"VD","2022-03-06","01:25:00","26416","Y"
"VD","2022-03-06","01:30:00","26273","Y"
"VD","2022-03-06","01:35:00","26224","Y"
"VD","2022-03-06","01:40:00","26169","Y"
"VD","2022-03-06","01:45:00","26033","Y"
"VD","2022-03-06","01:50:00","25880","Y"
"VD","2022-03-06","01:55:00","25737","Y"
"VD","2022-03-06","02:00:00","25639","Y"
"VD","2022-03-06","02:05:00","25615","Y"
"VD","2022-03-06","02:10:00","25569","Y"
"VD","2022-03-06","02:15:00","25524","Y"
"VD","2022-03-06","02:20:00","25442","Y"
"VD","2022-03-06","02:25:00","25459","Y"
"VD","2022-03-06","02:30:00","25425","Y"
"VD","2022-03-06","02:35:00","25395","Y"
"VD","2022-03-06","02:40:00","25328","Y"
"VD","2022-03-06","02:45:00","25207","Y"
"VD","2022-03-06","02:50:00","25199","Y"
"VD","2022-03-06","02:55:00","25189","Y"
"VD","2022-03-06","03:00:00","25139","Y"
"VD","2022-03-06","03:05:00","25134","Y"
"VD","2022-03-06","03:10:00","25049","Y"
"VD","2022-03-06","03:15:00","24993","Y"
"VD","2022-03-06","03:20:00","24873","Y"
"VD","2022-03-06","03:25:00","24840","Y"
"VD","2022-03-06","03:30:00","24900","Y"
"VD","2022-03-06","03:35:00","24792","Y"
"VD","2022-03-06","03:40:00","24707","Y"
"VD","2022-03-06","03:45:00","24626","Y"
"VD","2022-03-06","03:50:00","24655","Y"
"VD","2022-03-06","03:55:00","24576","Y"
"VD","2022-03-06","04:00:00","24549","Y"
"VD","2022-03-06","04:05:00","24511","Y"
"VD","2022-03-06","04:10:00","24492","Y"
"VD","2022-03-06","04:15:00","24490","Y"
"VD","2022-03-06","04:20:00","24334","Y"
"VD","2022-03-06","04:25:00","24224","Y"
"VD","2022-03-06","04:30:00","24202","Y"
"VD","2022-03-06","04:35:00","24264","Y"
"VD","2022-03-06","04:40:00","24346","Y"
"VD","2022-03-06","04:45:00","24341","Y"
"VD","2022-03-06","04:50:00","24089","Y"
"VD","2022-03-06","04:55:00","24086","Y"
"VD","2022-03-06","05:00:00","24097","Y"
"VD","2022-03-06","05:05:00","24233","Y"
"VD","2022-03-06","05:10:00","24277","Y"
"VD","2022-03-06","05:15:00","24278","Y"
"VD","2022-03-06","05:20:00","24222","Y"
"VD","2022-03-06","05:25:00","24276","Y"
"VD","2022-03-06","05:30:00","24363","Y"
"VD","2022-03-06","05:35:00","24412","Y"
"VD","2022-03-06","05:40:00","24500","Y"
"VD","2022-03-06","05:45:00","24543","Y"
"VD","2022-03-06","05:50:00","24595","Y"
"VD","2022-03-06","05:55:00","24675","Y"
"VD","2022-03-06","06:00:00","24731","Y"
"VD","2022-03-06","06:05:00","24939","Y"
"VD","2022-03-06","06:10:00","24988","Y"
"VD","2022-03-06","06:15:00","25072","Y"
"VD","2022-03-06","06:20:00","25104","Y"
"VD","2022-03-06","06:25:00","25018","Y"
"VD","2022-03-06","06:30:00","25034","Y"
"VD","2022-03-06","06:35:00","25131","Y"
"VD","2022-03-06","06:40:00","25160","Y"
"VD","2022-03-06","06:45:00","25253","Y"
"VD","2022-03-06","06:50:00","25395","Y"
"VD","2022-03-06","06:55:00","25551","Y"
"VD","2022-03-06","07:00:00","25671","Y"
"VD","2022-03-06","07:05:00","25928","Y"
"VD","2022-03-06","07:10:00","26089","Y"
"VD","2022-03-06","07:15:00","26257","Y"
"VD","2022-03-06","07:20:00","26464","Y"
"VD","2022-03-06","07:25:00","26623","Y"
"VD","2022-03-06","07:30:00","26730","Y"
"VD","2022-03-06","07:35:00","26825","Y"
"VD","2022-03-06","07:40:00","26903","Y"
"VD","2022-03-06","07:45:00","27006","Y"
"VD","2022-03-06","07:50:00","27154","Y"
"VD","2022-03-06","07:55:00","27377","Y"
"VD","2022-03-06","08:00:00","27643","Y"
"VD","2022-03-06","08:05:00","27814","Y"
"VD","2022-03-06","08:10:00","27921","Y"
"VD","2022-03-06","08:15:00","28065","Y"
"VD","2022-03-06","08:20:00","28128","Y"
"VD","2022-03-06","08:25:00","28315","Y"
"VD","2022-03-06","08:30:00","28484","Y"
"VD","2022-03-06","08:35:00","28580","Y"
"VD","2022-03-06","08:40:00","28741","Y"
"VD","2022-03-06","08:45:00","28845","Y"
"VD","2022-03-06","08:50:00","28920","Y"
"VD","2022-03-06","08:55:00","29049","Y"
"VD","2022-03-06","09:00:00","29186","Y"
"VD","2022-03-06","09:05:00","29437","Y"
"VD","2022-03-06","09:10:00","29562","Y"
"VD","2022-03-06","09:15:00","29634","Y"
"VD","2022-03-06","09:20:00","29816","Y"
"VD","2022-03-06","09:25:00","29956","Y"
"VD","2022-03-06","09:30:00","30048","Y"
"VD","2022-03-06","09:35:00","30355","Y"
"VD","2022-03-06","09:40:00","30239","Y"
"VD","2022-03-06","09:45:00","30268","Y"
"VD","2022-03-06","09:50:00","30390","Y"
"VD","2022-03-06","09:55:00","30469","Y"
"VD","2022-03-06","10:00:00","30573","Y"
"VD","2022-03-06","10:05:00","30609","Y"
"VD","2022-03-06","10:10:00","30696","Y"
"VD","2022-03-06","10:15:00","30732","Y"
"VD","2022-03-06","10:20:00","30724","Y"
"VD","2022-03-06","10:25:00","30761","Y"
"VD","2022-03-06","10:30:00","30829","Y"
"VD","2022-03-06","10:35:00","31018","Y"
"VD","2022-03-06","10:40:00","31159","Y"
"VD","2022-03-06","10:45:00","31127","Y"
"VD","2022-03-06","10:50:00","31117","Y"
"VD","2022-03-06","10:55:00","31212","Y"
"VD","2022-03-06","11:00:00","31151","Y"
"VD","2022-03-06","11:05:00","31149","Y"
"VD","2022-03-06","11:10:00","31116","Y"
"VD","2022-03-06","11:15:00","31008","Y"
"VD","2022-03-06","11:20:00","30985","Y"
"VD","2022-03-06","11:25:00","30968","Y"
"VD","2022-03-06","11:30:00","31031","Y"
"VD","2022-03-06","11:35:00","31105","Y"
"VD","2022-03-06","11:40:00","31120","Y"
"VD","2022-03-06","11:45:00","31150","Y"
"VD","2022-03-06","11:50:00","31099","Y"
"VD","2022-03-06","11:55:00","31025","Y"
"VD","2022-03-06","12:00:00","31128","Y"
"VD","2022-03-06","12:05:00","31296","Y"
"VD","2022-03-06","12:10:00","31438","Y"
"VD","2022-03-06","12:15:00","31599","Y"
"VD","2022-03-06","12:20:00","31715","Y"
"VD","2022-03-06","12:25:00","31691","Y"
"VD","2022-03-06","12:30:00","31686","Y"
"VD","2022-03-06","12:35:00","31634","Y"
"VD","2022-03-06","12:40:00","31593","Y"
"VD","2022-03-06","12:45:00","31568","Y"
"VD","2022-03-06","12:50:00","31568","Y"
"VD","2022-03-06","12:55:00","31205","Y"
"VD","2022-03-06","13:00:00","31172","Y"
"VD","2022-03-06","13:05:00","31414","Y"
"VD","2022-03-06","13:10:00","31291","Y"
"VD","2022-03-06","13:15:00","30900","Y"
"VD","2022-03-06","13:20:00","30816","Y"
"VD","2022-03-06","13:25:00","30697","Y"
"VD","2022-03-06","13:30:00","30677","Y"
"VD","2022-03-06","13:35:00","30681","Y"
"VD","2022-03-06","13:40:00","30620","Y"
"VD","2022-03-06","13:45:00","30555","Y"
"VD","2022-03-06","13:50:00","30500","Y"
"VD","2022-03-06","13:55:00","30453","Y"
"VD","2022-03-06","14:00:00","30467","Y"
"VD","2022-03-06","14:05:00","30514","Y"
"VD","2022-03-06","14:10:00","30494","Y"
"VD","2022-03-06","14:15:00","30372","Y"
"VD","2022-03-06","14:20:00","30246","Y"
"VD","2022-03-06","14:25:00","30182","Y"
"VD","2022-03-06","14:30:00","30198","Y"
"VD","2022-03-06","14:35:00","30207","Y"
"VD","2022-03-06","14:40:00","30110","Y"
"VD","2022-03-06","14:45:00","30090","Y"
"VD","2022-03-06","14:50:00","30198","Y"
"VD","2022-03-06","14:55:00","30669","Y"
"VD","2022-03-06","15:00:00","30804","Y"
"VD","2022-03-06","15:05:00","30856","Y"
"VD","2022-03-06","15:10:00","30932","Y"
"VD","2022-03-06","15:15:00","31159","Y"
"VD","2022-03-06","15:20:00","31284","Y"
"VD","2022-03-06","15:25:00","31379","Y"
"VD","2022-03-06","15:30:00","31410","Y"
"VD","2022-03-06","15:35:00","31603","Y"
"VD","2022-03-06","15:40:00","31832","Y"
"VD","2022-03-06","15:45:00","32100","Y"
"VD","2022-03-06","15:50:00","32197","Y"
"VD","2022-03-06","15:55:00","32297","Y"
"VD","2022-03-06","16:00:00","32524","Y"
"VD","2022-03-06","16:05:00","32766","Y"
"VD","2022-03-06","16:10:00","32999","Y"
"VD","2022-03-06","16:15:00","33299","Y"
"VD","2022-03-06","16:20:00","33799","Y"
"VD","2022-03-06","16:25:00","34246","Y"
"VD","2022-03-06","16:30:00","34515","Y"
"VD","2022-03-06","16:35:00","34733","Y"
"VD","2022-03-06","16:40:00","35018","Y"
"VD","2022-03-06","16:45:00","35295","Y"
"VD","2022-03-06","16:50:00","35559","Y"
"VD","2022-03-06","16:55:00","35904","Y"
"VD","2022-03-06","17:00:00","36250","Y"
"VD","2022-03-06","17:05:00","36545","Y"
"VD","2022-03-06","17:10:00","36744","Y"
"VD","2022-03-06","17:15:00","37046","Y"
"VD","2022-03-06","17:20:00","37326","Y"
"VD","2022-03-06","17:25:00","37664","Y"
"VD","2022-03-06","17:30:00","37953","Y"
"VD","2022-03-06","17:35:00","38036","Y"
"VD","2022-03-06","17:40:00","38070","Y"
"VD","2022-03-06","17:45:00","38116","Y"
"VD","2022-03-06","17:50:00","38252","Y"
"VD","2022-03-06","17:55:00","38417","Y"
"VD","2022-03-06","18:00:00","38500","Y"
"VD","2022-03-06","18:05:00","38788","Y"
"VD","2022-03-06","18:10:00","38954","Y"
"VD","2022-03-06","18:15:00","39054","Y"
"VD","2022-03-06","18:20:00","39227","Y"
"VD","2022-03-06","18:25:00","39336","Y"
"VD","2022-03-06","18:30:00","39364","Y"
"VD","2022-03-06","18:35:00","39447","Y"
"VD","2022-03-06","18:40:00","39449","Y"
"VD","2022-03-06","18:45:00","39385","Y"
"VD","2022-03-06","18:50:00","39388","Y"
"VD","2022-03-06","18:55:00","39310","Y"
"VD","2022-03-06","19:00:00","39087","Y"
"VD","2022-03-06","19:05:00","38979","Y"
"VD","2022-03-06","19:10:00","38866","Y"
"VD","2022-03-06","19:15:00","38659","Y"
"VD","2022-03-06","19:20:00","38442","Y"
"VD","2022-03-06","19:25:00","38185","Y"
"VD","2022-03-06","19:30:00","37955","Y"
"VD","2022-03-06","19:35:00","37651","Y"
"VD","2022-03-06","19:40:00","37421","Y"
"VD","2022-03-06","19:45:00","37372","Y"
"VD","2022-03-06","19:50:00","37328","Y"
"VD","2022-03-06","19:55:00","37145","Y"
"VD","2022-03-06","20:00:00","36871","Y"
"VD","2022-03-06","20:05:00","36913","Y"
"VD","2022-03-06","20:10:00","36915","Y"
"VD","2022-03-06","20:15:00","36804","Y"
"VD","2022-03-06","20:20:00","36582","Y"
"VD","2022-03-06","20:25:00","36382","Y"
"VD","2022-03-06","20:30:00","36081","Y"
"VD","2022-03-06","20:35:00","35694","Y"
"VD","2022-03-06","20:40:00","35343","Y"
"VD","2022-03-06","20:45:00","35051","Y"
"VD","2022-03-06","20:50:00","34872","Y"
"VD","2022-03-06","20:55:00","34689","Y"
"VD","2022-03-06","21:00:00","34464","Y"
"VD","2022-03-06","21:05:00","34283","Y"
"VD","2022-03-06","21:10:00","33949","Y"
"VD","2022-03-06","21:15:00","33679","Y"
"VD","2022-03-06","21:20:00","33402","Y"
"VD","2022-03-06","21:25:00","33150","Y"
"VD","2022-03-06","21:30:00","32920","Y"
"VD","2022-03-06","21:35:00","32683","Y"
"VD","2022-03-06","21:40:00","32511","Y"
"VD","2022-03-06","21:45:00","32350","Y"
"VD","2022-03-06","21:50:00","32042","Y"
"VD","2022-03-06","21:55:00","31765","Y"
"VD","2022-03-06","22:00:00","31612","Y"
"VD","2022-03-06","22:05:00","31124","Y"
"VD","2022-03-06","22:10:00","30841","Y"
"VD","2022-03-06","22:15:00","30587","Y"
"VD","2022-03-06","22:20:00","30077","Y"
"VD","2022-03-06","22:25:00","29871","Y"
"VD","2022-03-06","22:30:00","29572","Y"
"VD","2022-03-06","22:35:00","29480","Y"
"VD","2022-03-06","22:40:00","29333","Y"
"VD","2022-03-06","22:45:00","29008","Y"
"VD","2022-03-06","22:50:00","28861","Y"
"VD","2022-03-06","22:55:00","28704","Y"
"VD","2022-03-06","23:00:00","28601","Y"
"VD","2022-03-06","23:05:00","28069","Y"
"VD","2022-03-06","23:10:00","27857","Y"
"VD","2022-03-06","23:15:00","27723","Y"
"VD","2022-03-06","23:20:00","27534","Y"
"VD","2022-03-06","23:25:00","27220","Y"
"VD","2022-03-06","23:30:00","26939","Y"
"VD","2022-03-06","23:35:00","26832","Y"
"VD","2022-03-06","23:40:00","26731","Y"
"VD","2022-03-06","23:45:00","26593","Y"
"VD","2022-03-06","23:50:00","26420","Y"
"VD","2022-03-06","23:55:00","26283","Y"
"VD","2022-03-07","00:00:00","26293","Y"
"VD","2022-03-07","00:05:00","26666","Y"
"VD","2022-03-07","00:10:00","26837","Y"
"VD","2022-03-07","00:15:00","26788","Y"
"VD","2022-03-07","00:20:00","26735","Y"
"VD","2022-03-07","00:25:00","26650","Y"
"VD","2022-03-07","00:30:00","26646","Y"
"VD","2022-03-07","00:35:00","27032","Y"
"VD","2022-03-07","00:40:00","27209","Y"
"VD","2022-03-07","00:45:00","27231","Y"
"VD","2022-03-07","00:50:00","27227","Y"
"VD","2022-03-07","00:55:00","27220","Y"
"VD","2022-03-07","01:00:00","27274","Y"
"VD","2022-03-07","01:05:00","27029","Y"
"VD","2022-03-07","01:10:00","26976","Y"
"VD","2022-03-07","01:15:00","27031","Y"
"VD","2022-03-07","01:20:00","26998","Y"
"VD","2022-03-07","01:25:00","26908","Y"
"VD","2022-03-07","01:30:00","26824","Y"
"VD","2022-03-07","01:35:00","26710","Y"
"VD","2022-03-07","01:40:00","26641","Y"
"VD","2022-03-07","01:45:00","26560","Y"
"VD","2022-03-07","01:50:00","26398","Y"
"VD","2022-03-07","01:55:00","26364","Y"
"VD","2022-03-07","02:00:00","26300","Y"
"VD","2022-03-07","02:05:00","26340","Y"
"VD","2022-03-07","02:10:00","26312","Y"
"VD","2022-03-07","02:15:00","26269","Y"
"VD","2022-03-07","02:20:00","26151","Y"
"VD","2022-03-07","02:25:00","26030","Y"
"VD","2022-03-07","02:30:00","25974","Y"
"VD","2022-03-07","02:35:00","26027","Y"
"VD","2022-03-07","02:40:00","26012","Y"
"VD","2022-03-07","02:45:00","26002","Y"
"VD","2022-03-07","02:50:00","25995","Y"
"VD","2022-03-07","02:55:00","26015","Y"
"VD","2022-03-07","03:00:00","26055","Y"
"VD","2022-03-07","03:05:00","25889","Y"
"VD","2022-03-07","03:10:00","25879","Y"
"VD","2022-03-07","03:15:00","25774","Y"
"VD","2022-03-07","03:20:00","25645","Y"
"VD","2022-03-07","03:25:00","25582","Y"
"VD","2022-03-07","03:30:00","25517","Y"
"VD","2022-03-07","03:35:00","25558","Y"
"VD","2022-03-07","03:40:00","25560","Y"
"VD","2022-03-07","03:45:00","25526","Y"
"VD","2022-03-07","03:50:00","25445","Y"
"VD","2022-03-07","03:55:00","25361","Y"
"VD","2022-03-07","04:00:00","25377","Y"
"VD","2022-03-07","04:05:00","25324","Y"
"VD","2022-03-07","04:10:00","25422","Y"
"VD","2022-03-07","04:15:00","25447","Y"
"VD","2022-03-07","04:20:00","25488","Y"
"VD","2022-03-07","04:25:00","25435","Y"
"VD","2022-03-07","04:30:00","25369","Y"
"VD","2022-03-07","04:35:00","25435","Y"
"VD","2022-03-07","04:40:00","25446","Y"
"VD","2022-03-07","04:45:00","25486","Y"
"VD","2022-03-07","04:50:00","25481","Y"
"VD","2022-03-07","04:55:00","25481","Y"
"VD","2022-03-07","05:00:00","25555","Y"
"VD","2022-03-07","05:05:00","25725","Y"
"VD","2022-03-07","05:10:00","25756","Y"
"VD","2022-03-07","05:15:00","25913","Y"
"VD","2022-03-07","05:20:00","26099","Y"
"VD","2022-03-07","05:25:00","26260","Y"
"VD","2022-03-07","05:30:00","26392","Y"
"VD","2022-03-07","05:35:00","26553","Y"
"VD","2022-03-07","05:40:00","26996","Y"
"VD","2022-03-07","05:45:00","27123","Y"
"VD","2022-03-07","05:50:00","27490","Y"
"VD","2022-03-07","05:55:00","27828","Y"
"VD","2022-03-07","06:00:00","28295","Y"
"VD","2022-03-07","06:05:00","29091","Y"
"VD","2022-03-07","06:10:00","29561","Y"
"VD","2022-03-07","06:15:00","30153","Y"
"VD","2022-03-07","06:20:00","30653","Y"
"VD","2022-03-07","06:25:00","31119","Y"
"VD","2022-03-07","06:30:00","31311","Y"
"VD","2022-03-07","06:35:00","31677","Y"
"VD","2022-03-07","06:40:00","32024","Y"
"VD","2022-03-07","06:45:00","32616","Y"
"VD","2022-03-07","06:50:00","32939","Y"
"VD","2022-03-07","06:55:00","33402","Y"
"VD","2022-03-07","07:00:00","33790","Y"
"VD","2022-03-07","07:05:00","34519","Y"
"VD","2022-03-07","07:10:00","34733","Y"
"VD","2022-03-07","07:15:00","35014","Y"
"VD","2022-03-07","07:20:00","35445","Y"
"VD","2022-03-07","07:25:00","35774","Y"
"VD","2022-03-07","07:30:00","35952","Y"
"VD","2022-03-07","07:35:00","36092","Y"
"VD","2022-03-07","07:40:00","36134","Y"
"VD","2022-03-07","07:45:00","36444","Y"
"VD","2022-03-07","07:50:00","36572","Y"
"VD","2022-03-07","07:55:00","36732","Y"
"VD","2022-03-07","08:00:00","36987","Y"
"VD","2022-03-07","08:05:00","37176","Y"
"VD","2022-03-07","08:10:00","37298","Y"
"VD","2022-03-07","08:15:00","37556","Y"
"VD","2022-03-07","08:20:00","37784","Y"
"VD","2022-03-07","08:25:00","37930","Y"
"VD","2022-03-07","08:30:00","37933","Y"
"VD","2022-03-07","08:35:00","37986","Y"
"VD","2022-03-07","08:40:00","37977","Y"
"VD","2022-03-07","08:45:00","38014","Y"
"VD","2022-03-07","08:50:00","38135","Y"
"VD","2022-03-07","08:55:00","38162","Y"
"VD","2022-03-07","09:00:00","38193","Y"
"VD","2022-03-07","09:05:00","38485","Y"
"VD","2022-03-07","09:10:00","38653","Y"
"VD","2022-03-07","09:15:00","38851","Y"
"VD","2022-03-07","09:20:00","38777","Y"
"VD","2022-03-07","09:25:00","38677","Y"
"VD","2022-03-07","09:30:00","38585","Y"
"VD","2022-03-07","09:35:00","38613","Y"
"VD","2022-03-07","09:40:00","38625","Y"
"VD","2022-03-07","09:45:00","38615","Y"
"VD","2022-03-07","09:50:00","38613","Y"
"VD","2022-03-07","09:55:00","38573","Y"
"VD","2022-03-07","10:00:00","38522","Y"
"VD","2022-03-07","10:05:00","38365","Y"
"VD","2022-03-07","10:10:00","38359","Y"
"VD","2022-03-07","10:15:00","38414","Y"
"VD","2022-03-07","10:20:00","38437","Y"
"VD","2022-03-07","10:25:00","38437","Y"
"VD","2022-03-07","10:30:00","38226","Y"
"VD","2022-03-07","10:35:00","38200","Y"
"VD","2022-03-07","10:40:00","38126","Y"
"VD","2022-03-07","10:45:00","38055","Y"
"VD","2022-03-07","10:50:00","37983","Y"
"VD","2022-03-07","10:55:00","37743","Y"
"VD","2022-03-07","11:00:00","37566","Y"
"VD","2022-03-07","11:05:00","37398","Y"
"VD","2022-03-07","11:10:00","37168","Y"
"VD","2022-03-07","11:15:00","36998","Y"
"VD","2022-03-07","11:20:00","37042","Y"
"VD","2022-03-07","11:25:00","37017","Y"
"VD","2022-03-07","11:30:00","37032","Y"
"VD","2022-03-07","11:35:00","37006","Y"
"VD","2022-03-07","11:40:00","36884","Y"
"VD","2022-03-07","11:45:00","36791","Y"
"VD","2022-03-07","11:50:00","36751","Y"
"VD","2022-03-07","11:55:00","36660","Y"
"VD","2022-03-07","12:00:00","36591","Y"
"VD","2022-03-07","12:05:00","36473","Y"
"VD","2022-03-07","12:10:00","36395","Y"
"VD","2022-03-07","12:15:00","36377","Y"
"VD","2022-03-07","12:20:00","36269","Y"
"VD","2022-03-07","12:25:00","36217","Y"
"VD","2022-03-07","12:30:00","36031","Y"
"VD","2022-03-07","12:35:00","35969","Y"
"VD","2022-03-07","12:40:00","35830","Y"
"VD","2022-03-07","12:45:00","35589","Y"
"VD","2022-03-07","12:50:00","35429","Y"
"VD","2022-03-07","12:55:00","35182","Y"
"VD","2022-03-07","13:00:00","34989","Y"
"VD","2022-03-07","13:05:00","34840","Y"
"VD","2022-03-07","13:10:00","34741","Y"
"VD","2022-03-07","13:15:00","34668","Y"
"VD","2022-03-07","13:20:00","34655","Y"
"VD","2022-03-07","13:25:00","34443","Y"
"VD","2022-03-07","13:30:00","34232","Y"
"VD","2022-03-07","13:35:00","34195","Y"
"VD","2022-03-07","13:40:00","34001","Y"
"VD","2022-03-07","13:45:00","33848","Y"
"VD","2022-03-07","13:50:00","33791","Y"
"VD","2022-03-07","13:55:00","33775","Y"
"VD","2022-03-07","14:00:00","33692","Y"
"VD","2022-03-07","14:05:00","33676","Y"
"VD","2022-03-07","14:10:00","33626","Y"
"VD","2022-03-07","14:15:00","33577","Y"
"VD","2022-03-07","14:20:00","33572","Y"
"VD","2022-03-07","14:25:00","33507","Y"
"VD","2022-03-07","14:30:00","33441","Y"
"VD","2022-03-07","14:35:00","33559","Y"
"VD","2022-03-07","14:40:00","33508","Y"
"VD","2022-03-07","14:45:00","33554","Y"
"VD","2022-03-07","14:50:00","33671","Y"
"VD","2022-03-07","14:55:00","33744","Y"
"VD","2022-03-07","15:00:00","33647","Y"
"VD","2022-03-07","15:05:00","33697","Y"
"VD","2022-03-07","15:10:00","33728","Y"
"VD","2022-03-07","15:15:00","33599","Y"
"VD","2022-03-07","15:20:00","33431","Y"
"VD","2022-03-07","15:25:00","33341","Y"
"VD","2022-03-07","15:30:00","33287","Y"
"VD","2022-03-07","15:35:00","33442","Y"
"VD","2022-03-07","15:40:00","33703","Y"
"VD","2022-03-07","15:45:00","33953","Y"
"VD","2022-03-07","15:50:00","34199","Y"
"VD","2022-03-07","15:55:00","34421","Y"
"VD","2022-03-07","16:00:00","34568","Y"
"VD","2022-03-07","16:05:00","35033","Y"
"VD","2022-03-07","16:10:00","35268","Y"
"VD","2022-03-07","16:15:00","35442","Y"
"VD","2022-03-07","16:20:00","35826","Y"
"VD","2022-03-07","16:25:00","36287","Y"
"VD","2022-03-07","16:30:00","36429","Y"
"VD","2022-03-07","16:35:00","37006","Y"
"VD","2022-03-07","16:40:00","37237","Y"
"VD","2022-03-07","16:45:00","37335","Y"
"VD","2022-03-07","16:50:00","37692","Y"
"VD","2022-03-07","16:55:00","38047","Y"
"VD","2022-03-07","17:00:00","38352","Y"
"VD","2022-03-07","17:05:00","38738","Y"
"VD","2022-03-07","17:10:00","39085","Y"
"VD","2022-03-07","17:15:00","39271","Y"
"VD","2022-03-07","17:20:00","39700","Y"
"VD","2022-03-07","17:25:00","39896","Y"
"VD","2022-03-07","17:30:00","40011","Y"
"VD","2022-03-07","17:35:00","40119","Y"
"VD","2022-03-07","17:40:00","40361","Y"
"VD","2022-03-07","17:45:00","40383","Y"
"VD","2022-03-07","17:50:00","40464","Y"
"VD","2022-03-07","17:55:00","40682","Y"
"VD","2022-03-07","18:00:00","41043","Y"
"VD","2022-03-07","18:05:00","41069","Y"
"VD","2022-03-07","18:10:00","41229","Y"
"VD","2022-03-07","18:15:00","41384","Y"
"VD","2022-03-07","18:20:00","41581","Y"
"VD","2022-03-07","18:25:00","41825","Y"
"VD","2022-03-07","18:30:00","41971","Y"
"VD","2022-03-07","18:35:00","42028","Y"
"VD","2022-03-07","18:40:00","42006","Y"
"VD","2022-03-07","18:45:00","42021","Y"
"VD","2022-03-07","18:50:00","42058","Y"
"VD","2022-03-07","18:55:00","41906","Y"
"VD","2022-03-07","19:00:00","41705","Y"
"VD","2022-03-07","19:05:00","41736","Y"
"VD","2022-03-07","19:10:00","41457","Y"
"VD","2022-03-07","19:15:00","41136","Y"
"VD","2022-03-07","19:20:00","40904","Y"
"VD","2022-03-07","19:25:00","40867","Y"
"VD","2022-03-07","19:30:00","40698","Y"
"VD","2022-03-07","19:35:00","40517","Y"
"VD","2022-03-07","19:40:00","40193","Y"
"VD","2022-03-07","19:45:00","39997","Y"
"VD","2022-03-07","19:50:00","39756","Y"
"VD","2022-03-07","19:55:00","39223","Y"
"VD","2022-03-07","20:00:00","38904","Y"
"VD","2022-03-07","20:05:00","38783","Y"
"VD","2022-03-07","20:10:00","38897","Y"
"VD","2022-03-07","20:15:00","38516","Y"
"VD","2022-03-07","20:20:00","38242","Y"
"VD","2022-03-07","20:25:00","37787","Y"
"VD","2022-03-07","20:30:00","37533","Y"
"VD","2022-03-07","20:35:00","37434","Y"
"VD","2022-03-07","20:40:00","36924","Y"
"VD","2022-03-07","20:45:00","36591","Y"
"VD","2022-03-07","20:50:00","36365","Y"
"VD","2022-03-07","20:55:00","36237","Y"
"VD","2022-03-07","21:00:00","35765","Y"
"VD","2022-03-07","21:05:00","35713","Y"
"VD","2022-03-07","21:10:00","35483","Y"
"VD","2022-03-07","21:15:00","35104","Y"
"VD","2022-03-07","21:20:00","34763","Y"
"VD","2022-03-07","21:25:00","34380","Y"
"VD","2022-03-07","21:30:00","34012","Y"
"VD","2022-03-07","21:35:00","33822","Y"
"VD","2022-03-07","21:40:00","33471","Y"
"VD","2022-03-07","21:45:00","33087","Y"
"VD","2022-03-07","21:50:00","32647","Y"
"VD","2022-03-07","21:55:00","32408","Y"
"VD","2022-03-07","22:00:00","32539","Y"
"VD","2022-03-07","22:05:00","32704","Y"
"VD","2022-03-07","22:10:00","32731","Y"
"VD","2022-03-07","22:15:00","32338","Y"
"VD","2022-03-07","22:20:00","31970","Y"
"VD","2022-03-07","22:25:00","31629","Y"
"VD","2022-03-07","22:30:00","31358","Y"
"VD","2022-03-07","22:35:00","31067","Y"
